Rk,Name,Age,Tm,G,PA,AB,R,H,2B,3B,HR,RBI,SB,CS,BB,SO,BA,OBP,SLG,OPS,OPS+,TB,GDP,HBP,SH,SF,IBB,Pos Summary
1,Cristhian Adames#\adamecr01,24,COL,121,256,225,25,49,7,3,2,17,2,3,24,47,.218,.304,.302,.607,53,68,5,4,3,0,0,645
2,Matt Adams*\adamsma01,27,STL,118,327,297,37,74,18,0,16,54,0,1,25,81,.249,.309,.471,.780,106,140,5,2,0,3,1,3
3,Tim Adleman\adlemti01,28,CIN,13,23,21,2,4,2,0,0,3,0,0,0,11,.190,.190,.286,.476,24,6,0,0,2,0,0,1
4,Ehire Adrianza#\adriaeh01,26,SFG,40,71,63,3,16,2,0,2,7,0,1,2,13,.254,.299,.381,.679,82,24,0,2,4,0,0,6/45
5,Nick Ahmed\ahmedni01,26,ARI,90,308,284,26,62,9,1,4,20,5,2,15,58,.218,.265,.299,.564,46,85,9,4,2,3,3,6
6,Jorge Alfaro\alfarjo01,23,PHI,6,17,16,0,2,0,0,0,0,0,0,1,8,.125,.176,.125,.301,-16,2,0,0,0,0,1,/2
7,Albert Almora\almoral01,22,CHC,47,117,112,14,31,9,1,3,14,0,0,5,20,.277,.308,.455,.763,103,51,5,0,0,0,0,8/79
8,Aaron Altherr\altheaa01,25,PHI,57,227,198,23,39,6,0,4,22,7,2,23,69,.197,.300,.288,.587,60,57,4,6,0,0,2,978
9,Dario Alvarez*\alvarda01,27,ATL,16,0,0,0,0,0,0,0,0,0,0,0,0,,,,,,0,0,0,0,0,0,1
10,Alexi Amarista*\amarial01,27,SDP,65,150,140,9,36,2,0,0,11,9,2,8,26,.257,.295,.271,.567,55,38,5,0,1,1,2,46/5791
11,Brett Anderson*\anderbr04,28,LAD,4,3,3,0,0,0,0,0,0,0,0,0,2,.000,.000,.000,.000,-100,0,0,0,0,0,0,/1
12,Chase Anderson\anderch01,28,MIL,31,52,45,3,4,0,0,0,1,0,0,1,27,.089,.128,.089,.217,-40,4,0,1,5,0,0,1
13,Tyler Anderson*\anderty01,26,COL,20,42,35,1,4,0,0,1,3,0,0,4,11,.114,.205,.200,.405,3,7,0,0,3,0,0,1
14,Robert Andino\andinro01,32,MIA,13,24,24,2,7,0,0,0,1,0,0,0,4,.292,.292,.292,.583,61,7,0,0,0,0,0,/4756
15,Elvis Araujo*\araujel01,24,PHI,32,0,0,0,0,0,0,0,0,0,0,0,0,,,,,,0,0,0,0,0,0,1
16,Orlando Arcia\arciaor01,21,MIL,55,216,201,21,44,10,3,4,17,8,0,15,47,.219,.273,.358,.631,67,72,6,0,0,0,0,6
17,Oswaldo Arcia*\arciaos01,25,TOT,16,47,45,2,5,1,0,2,4,0,0,2,15,.111,.149,.267,.416,9,12,0,0,0,0,0,9
18,Oswaldo Arcia*\arciaos01,25,MIA,2,2,2,0,0,0,0,0,0,0,0,0,1,.000,.000,.000,.000,-100,0,0,0,0,0,0,
19,Oswaldo Arcia*\arciaos01,25,SDP,14,45,43,2,5,1,0,2,4,0,0,2,14,.116,.156,.279,.435,14,12,0,0,0,0,0,9
20,Nolan Arenado\arenano01,25,COL,160,696,618,116,182,35,6,41,133,2,3,68,103,.294,.362,.570,.932,129,352,17,2,0,8,10,*5
21,Jake Arrieta\arrieja01,30,CHC,31,70,65,7,17,2,1,2,7,0,0,4,28,.262,.304,.415,.720,92,27,1,0,1,0,0,1
22,Cody Asche*\ascheco01,26,PHI,71,218,197,22,42,15,0,4,18,3,1,18,54,.213,.284,.350,.635,70,69,1,2,0,1,0,7
23,Alec Asher\asheral01,24,PHI,5,11,11,0,1,0,0,0,2,0,0,0,6,.091,.091,.091,.182,-51,1,0,0,0,0,0,/1
24,Carlos Asuaje*\asuajca01,24,SDP,7,25,24,2,5,2,0,0,2,0,0,1,4,.208,.240,.292,.532,43,7,0,0,0,0,0,/4
25,Luis Avilan*\avilalu01,26,LAD,27,0,0,0,0,0,0,0,0,0,0,0,0,,,,,,0,0,0,0,0,0,1
26,Erick Aybar#\aybarer01,32,ATL,97,368,335,27,81,14,2,2,26,3,5,20,59,.242,.293,.313,.607,64,105,14,6,3,4,5,6/4
27,Javier Baez\baezja01,23,CHC,142,450,421,50,115,19,1,14,59,12,3,15,108,.273,.314,.423,.737,97,178,8,11,1,2,3,546/37
28,Pedro Baez\baezpe01,28,LAD,73,1,1,0,0,0,0,0,0,0,0,0,0,.000,.000,.000,.000,-100,0,0,0,0,0,0,1
29,Andrew Bailey\bailean01,32,PHI,33,0,0,0,0,0,0,0,0,0,0,0,0,,,,,,0,0,0,0,0,0,1
30,Homer Bailey\baileho02,30,CIN,6,11,10,0,1,0,0,0,0,0,0,1,1,.100,.182,.100,.282,-22,1,1,0,0,0,0,/1
31,Austin Barnes\barneau01,26,LAD,21,37,32,3,5,1,0,0,2,0,0,5,9,.156,.270,.188,.458,29,6,0,0,0,0,0,/245
32,Brandon Barnes\barnebr02,30,COL,48,109,100,10,22,6,2,0,8,1,2,3,30,.220,.250,.320,.570,42,32,0,1,5,0,0,78/9
33,Jacob Barnes\barneja01,26,MIL,27,0,0,0,0,0,0,0,0,0,0,0,0,,,,,,0,0,0,0,0,0,1
34,Tucker Barnhart#\barnhtu01,25,CIN,115,420,377,34,97,23,1,7,51,1,0,36,72,.257,.323,.379,.702,86,143,12,2,2,3,8,2
35,Kyle Barraclough\barraky01,26,MIA,75,1,1,0,0,0,0,0,0,0,0,0,1,.000,.000,.000,.000,-100,0,0,0,0,0,0,1
36,Jake Barrett\barreja01,24,ARI,68,0,0,0,0,0,0,0,0,0,0,0,0,,,,,,0,0,0,0,0,0,1
37,Antonio Bastardo\bastaan01,30,TOT,69,0,0,0,0,0,0,0,0,0,0,0,0,,,,,,0,0,0,0,0,0,1
38,Antonio Bastardo\bastaan01,30,NYM,41,0,0,0,0,0,0,0,0,0,0,0,0,,,,,,0,0,0,0,0,0,1
39,Antonio Bastardo\bastaan01,30,PIT,28,0,0,0,0,0,0,0,0,0,0,0,0,,,,,,0,0,0,0,0,0,1
40,Buddy Baumann*\baumabu01,28,SDP,11,0,0,0,0,0,0,0,0,0,0,0,0,,,,,,0,0,0,0,0,0,1
41,Gordon Beckham\beckhgo01,29,TOT,88,279,245,25,52,16,1,5,31,1,0,26,52,.212,.294,.347,.641,72,85,12,4,0,4,1,456
42,Gordon Beckham\beckhgo01,29,ATL,85,273,240,25,52,16,1,5,30,1,0,26,50,.217,.300,.354,.655,76,85,12,4,0,3,1,456
43,Gordon Beckham\beckhgo01,29,SFG,3,6,5,0,0,0,0,0,1,0,0,0,2,.000,.000,.000,.000,-100,0,0,0,0,1,0,/5
44,Matt Belisle\belisma01,36,WSN,40,4,4,0,0,0,0,0,0,0,0,0,2,.000,.000,.000,.000,-100,0,0,0,0,0,0,1
45,Josh Bell#\belljo02,23,PIT,45,152,128,18,35,8,0,3,19,0,1,21,19,.273,.368,.406,.775,106,52,4,0,0,3,0,39
46,Brandon Belt*\beltbr01,28,SFG,156,655,542,77,149,41,8,17,82,0,4,104,148,.275,.394,.474,.868,134,257,7,5,0,4,4,*3/7
47,Christian Bergman\bergmch01,28,COL,15,3,3,1,1,0,0,0,0,0,0,0,0,.333,.333,.333,.667,69,1,0,0,0,0,0,1
48,Christian Bethancourt\bethach01,24,SDP,73,204,193,20,44,9,0,6,25,1,2,10,56,.228,.265,.368,.633,69,71,9,0,0,1,0,2/79D14
49,Chad Bettis\bettich01,27,COL,32,58,49,2,2,0,0,0,2,0,0,4,21,.041,.113,.041,.154,-59,2,1,0,5,0,0,1
50,Ty Blach\blachty01,25,SFG,4,4,4,1,2,0,0,0,0,0,0,0,0,.500,.500,.500,1.000,172,2,0,0,0,0,0,/1
51,Charlie Blackmon*\blackch02,29,COL,143,641,578,111,187,35,5,29,82,17,9,43,102,.324,.381,.552,.933,130,319,2,13,3,4,4,*8
52,Aaron Blair\blairaa01,24,ATL,15,23,21,0,1,0,0,0,0,0,0,0,9,.048,.048,.048,.095,-74,1,0,0,2,0,0,1
53,Andres Blanco#\blancan01,32,PHI,90,209,190,26,48,15,1,4,21,2,3,11,41,.253,.316,.405,.721,93,77,7,7,0,1,0,5436/7
54,Gregor Blanco*\blancgr01,32,SFG,106,274,241,28,54,10,4,1,18,6,3,29,51,.224,.309,.311,.620,69,75,5,1,1,1,4,978
55,Joe Blanton\blantjo01,35,LAD,75,0,0,0,0,0,0,0,0,0,0,0,0,,,,,,0,0,0,0,0,0,1
56,Jabari Blash\blashja01,26,SDP,38,84,71,7,12,2,0,3,5,1,0,11,34,.169,.298,.324,.622,68,23,3,2,0,0,0,9/7
57,Michael Blazek\blazemi01,27,MIL,42,0,0,1,0,0,0,0,0,0,0,0,0,,,,,,0,0,0,0,0,0,1
58,Jerry Blevins*\blevije01,32,NYM,73,1,1,0,0,0,0,0,0,0,0,0,0,.000,.000,.000,.000,-100,0,0,0,0,0,0,1
59,Mike Bolsinger\bolsimi01,28,LAD,6,9,9,0,0,0,0,0,0,0,0,0,7,.000,.000,.000,.000,-100,0,0,0,0,0,0,/1
60,Emilio Bonifacio#\bonifem01,31,ATL,24,43,38,6,8,0,0,0,3,1,0,3,12,.211,.268,.211,.479,32,8,0,0,2,0,0,7/8
61,Wilfredo Boscan\boscawi01,26,PIT,6,3,3,0,1,0,0,0,1,0,0,0,1,.333,.333,.333,.667,79,1,0,0,0,0,0,/1
62,Justin Bour*\bourju01,28,MIA,90,321,280,35,74,12,1,15,51,0,0,38,56,.264,.349,.475,.824,123,133,8,0,0,3,9,3/D
63,Peter Bourjos\bourjpe01,29,PHI,123,383,355,40,89,20,7,5,23,6,4,17,91,.251,.292,.389,.681,81,138,6,4,6,1,2,*98
64,Michael Bourn*\bournmi01,33,ARI,89,358,329,43,86,12,6,3,30,13,5,22,83,.261,.307,.362,.669,73,119,3,0,6,1,0,8/79
65,Matthew Bowman\bowmama01,25,STL,59,2,1,0,0,0,0,0,0,0,0,0,1,.000,.000,.000,.000,-100,0,0,0,1,0,0,1
66,Blaine Boyer\boyerbl01,34,MIL,61,1,1,0,0,0,0,0,0,0,0,0,0,.000,.000,.000,.000,-100,0,0,0,0,0,0,1
67,Silvino Bracho\brachsi01,23,ARI,26,1,1,0,0,0,0,0,0,0,0,0,1,.000,.000,.000,.000,-100,0,0,0,0,0,0,1
68,Archie Bradley\bradlar01,23,ARI,26,48,43,2,3,0,0,0,4,0,0,0,28,.070,.068,.070,.138,-64,3,0,0,4,1,0,1
69,Jed Bradley*\bradlje01,26,ATL,6,0,0,0,0,0,0,0,0,0,0,0,0,,,,,,0,0,0,0,0,0,/1
70,Steven Brault*\braulst01,24,PIT,8,9,8,1,2,0,0,0,0,0,0,0,0,.250,.250,.250,.500,34,2,0,0,1,0,0,/1
71,Ryan Braun\braunry02,32,MIL,135,564,511,80,156,23,3,30,91,16,5,46,98,.305,.365,.538,.903,137,275,20,4,0,3,10,*7/D9
72,Craig Breslow*\breslcr01,35,MIA,15,0,0,0,0,0,0,0,0,0,0,0,0,,,,,,0,0,0,0,0,0,1
73,Austin Brice\briceau01,24,MIA,15,0,0,0,0,0,0,0,0,0,0,0,0,,,,,,0,0,0,0,0,0,1
74,Reid Brignac#\brignre01,30,ATL,13,29,29,3,6,2,0,0,1,0,0,0,8,.207,.207,.276,.483,29,8,0,0,0,0,0,/54
75,Socrates Brito*\britoso01,23,ARI,40,97,95,10,17,3,1,4,12,2,0,2,23,.179,.196,.358,.554,39,34,3,0,0,0,0,89/7
76,Mike Broadway\broadmi01,29,SFG,4,1,0,0,0,0,0,0,0,0,0,0,0,,,,,,0,0,0,1,0,0,/1
77,Trevor Brown\browntr01,24,SFG,75,184,173,17,41,7,0,5,19,0,1,10,39,.237,.283,.364,.647,73,63,2,1,0,0,0,2/D5
78,Jonathan Broxton\broxtjo01,32,STL,66,0,0,0,0,0,0,0,0,0,0,0,0,,,,,,0,0,0,0,0,0,1
79,Keon Broxton\broxtke01,26,MIL,75,244,207,28,50,10,1,9,19,23,4,36,88,.242,.354,.430,.784,108,89,2,0,1,0,0,8
80,Jay Bruce*\bruceja01,29,TOT,147,589,539,74,135,27,6,33,99,4,2,44,126,.250,.309,.506,.815,113,273,14,3,0,3,7,*9/D8
81,Jay Bruce*\bruceja01,29,CIN,97,402,370,60,98,22,6,25,80,4,2,27,83,.265,.316,.559,.875,126,207,11,2,0,3,3,9/8D
82,Jay Bruce*\bruceja01,29,NYM,50,187,169,14,37,5,0,8,19,0,0,17,43,.219,.294,.391,.685,82,66,3,1,0,0,4,9/D
83,Kris Bryant\bryankr01,24,CHC,155,699,603,121,176,35,3,39,102,8,5,75,154,.292,.385,.554,.939,150,334,3,18,0,3,5,579/38D6
84,Jake Buchanan\buchaja01,26,CHC,2,1,1,0,0,0,0,0,0,0,0,0,1,.000,.000,.000,.000,-100,0,0,0,0,0,0,/1
85,Ryan Buchter*\buchtry01,29,SDP,67,0,0,0,0,0,0,0,0,0,0,0,0,,,,,,0,0,0,0,0,0,1
86,Madison Bumgarner\bumgama01,26,SFG,36,97,86,8,16,6,0,3,9,0,0,10,43,.186,.268,.360,.629,68,31,1,0,0,1,0,1
87,Enrique Burgos\burgoen02,25,ARI,43,0,0,0,0,0,0,0,0,0,0,0,0,,,,,,0,0,0,0,0,0,1
88,Sean Burnett*\burnese01,33,WSN,10,0,0,0,0,0,0,0,0,0,0,0,0,,,,,,0,0,0,0,0,0,1
89,Emmanuel Burriss#\burriem01,31,PHI,39,50,45,3,5,1,1,0,0,1,0,2,10,.111,.184,.178,.361,-2,8,1,2,1,0,0,/4763D
90,Matt Buschmann\buschma01,32,ARI,3,1,1,0,0,0,0,0,0,0,0,0,0,.000,.000,.000,.000,-100,0,0,0,0,0,0,/1
91,Eddie Butler\butleed01,25,COL,17,19,15,0,1,0,0,0,0,0,0,0,2,.067,.067,.067,.133,-66,1,0,0,4,0,0,1
92,Asdrubal Cabrera#\cabreas01,30,NYM,141,568,521,65,146,30,1,23,62,5,1,38,103,.280,.336,.474,.810,115,247,14,7,0,2,3,*6
93,Mauricio Cabrera\cabrema01,22,ATL,41,0,0,0,0,0,0,0,0,0,0,0,0,,,,,,0,0,0,0,0,0,1
94,Ramon Cabrera#\cabrera01,26,CIN,61,185,171,11,42,10,0,3,23,1,1,8,30,.246,.279,.357,.635,68,61,5,1,2,3,1,2
95,Trevor Cahill\cahiltr01,28,CHC,51,11,8,1,1,0,0,0,1,0,0,1,4,.125,.222,.125,.347,-2,1,0,0,2,0,0,1
96,Matt Cain\cainma01,31,SFG,21,28,27,1,2,1,0,1,5,0,0,0,17,.074,.074,.222,.296,-24,6,0,0,1,0,0,1
97,Arquimedes Caminero\caminar01,29,PIT,39,2,2,0,0,0,0,0,0,0,0,0,1,.000,.000,.000,.000,-100,0,0,0,0,0,0,1
98,Eric Campbell\campber01,29,NYM,40,88,75,9,13,1,0,1,9,1,0,10,24,.173,.284,.227,.511,41,17,2,2,0,1,1,3/574
99,Leonel Campos\campole01,28,SDP,18,0,0,0,0,0,0,0,0,0,0,0,0,,,,,,0,0,0,0,0,0,1
100,Vicente Campos\campovi01,23,ARI,1,2,2,0,0,0,0,0,0,0,0,0,0,.000,.000,.000,.000,-100,0,0,0,0,0,0,/1
101,Jeimer Candelario#\candeje01,22,CHC,5,14,11,0,1,0,0,0,0,0,0,2,5,.091,.286,.091,.377,9,1,0,1,0,0,1,/5
102,Chris Capuano*\capuach01,37,MIL,16,1,0,0,0,0,0,0,0,0,0,1,0,,1.000,,,,0,0,0,0,0,0,1
103,Matt Carasiti\carasma01,24,COL,19,0,0,0,0,0,0,0,0,0,0,0,0,,,,,,0,0,0,0,0,0,1
104,Stephen Cardullo\cardust01,28,COL,27,59,56,5,12,3,1,2,6,0,0,3,12,.214,.254,.411,.665,63,23,2,0,0,0,0,3/97
105,Matt Carpenter*\carpema01,30,STL,129,566,473,81,128,36,6,21,68,0,4,81,108,.271,.380,.505,.885,136,239,4,5,3,4,6,534/D
106,Chris Carter\cartech02,29,MIL,160,644,549,84,122,27,1,41,94,3,1,76,206,.222,.321,.499,.821,115,274,18,9,0,10,1,*3/D
107,Andrew Cashner\cashnan01,29,TOT,28,40,34,3,6,0,0,0,1,0,0,3,13,.176,.243,.176,.420,17,6,0,0,3,0,0,1
108,Andrew Cashner\cashnan01,29,SDP,16,22,18,2,3,0,0,0,1,0,0,2,6,.167,.250,.167,.417,16,3,0,0,2,0,0,1
109,Andrew Cashner\cashnan01,29,MIA,12,18,16,1,3,0,0,0,0,0,0,1,7,.188,.235,.188,.423,18,3,0,0,1,0,0,1
110,Santiago Casilla\garcija01,35,SFG,62,0,0,0,0,0,0,0,0,0,0,0,0,,,,,,0,0,0,0,0,0,1
111,Welington Castillo\castiwe01,29,ARI,113,457,416,41,110,24,0,14,68,2,0,33,121,.264,.322,.423,.745,91,176,5,4,0,4,3,2/D
112,Daniel Castro\castrda01,23,ATL,47,139,130,8,26,1,0,0,7,1,1,7,24,.200,.241,.208,.449,23,27,4,0,2,0,1,64/5
113,Miguel Castro\castrmi01,21,COL,19,0,0,0,0,0,0,0,0,0,0,0,0,,,,,,0,0,0,0,0,0,1
114,Gavin Cecchini\cecchga02,22,NYM,4,7,6,2,2,2,0,0,2,0,0,0,2,.333,.429,.667,1.095,189,4,0,1,0,0,0,/6
115,Francisco Cervelli\cervefr01,30,PIT,101,393,326,42,86,14,1,1,33,6,2,56,72,.264,.377,.322,.699,89,105,14,6,0,5,1,2/3D
116,Hunter Cervenka*\cervehu01,26,TOT,68,0,0,0,0,0,0,0,0,0,0,0,0,,,,,,0,0,0,0,0,0,1
117,Hunter Cervenka*\cervehu01,26,ATL,50,0,0,0,0,0,0,0,0,0,0,0,0,,,,,,0,0,0,0,0,0,1
118,Hunter Cervenka*\cervehu01,26,MIA,18,0,0,0,0,0,0,0,0,0,0,0,0,,,,,,0,0,0,0,0,0,1
119,Yoenis Cespedes\cespeyo01,30,NYM,132,543,479,72,134,25,1,31,86,3,1,51,108,.280,.354,.530,.884,134,254,14,7,0,6,8,*78/D
120,Jhoulys Chacin\chacijh01,28,ATL,5,8,8,0,2,0,0,0,1,0,0,0,1,.250,.250,.250,.500,36,2,0,0,0,0,0,/1
121,Andrew Chafin\chafian01,26,ARI,32,0,0,0,0,0,0,0,0,0,0,0,0,,,,,,0,0,0,0,0,0,1
122,Aroldis Chapman*\chapmar01,28,CHC,28,0,0,0,0,0,0,0,0,0,0,0,0,,,,,,0,0,0,0,0,0,1
123,Tyler Chatwood\chatwty01,26,COL,27,58,53,3,10,0,1,0,4,0,0,2,14,.189,.218,.226,.445,12,12,1,0,3,0,0,1
124,Jesse Chavez\chaveje01,32,LAD,23,0,0,0,0,0,0,0,0,0,0,0,0,,,,,,0,0,0,0,0,0,1
125,Wei-Yin Chen\chenwe02,30,MIA,22,49,44,0,0,0,0,0,0,0,0,0,18,.000,.000,.000,.000,-100,0,2,0,5,0,0,1
126,Tony Cingrani*\cingrto01,26,CIN,65,1,0,1,0,0,0,0,0,0,0,1,0,,1.000,,,,0,0,0,0,0,0,1
127,Paul Clemens\clemepa02,28,TOT,18,23,21,1,0,0,0,0,0,0,0,1,11,.000,.045,.000,.045,-86,0,1,0,1,0,0,1
128,Paul Clemens\clemepa02,28,MIA,2,2,2,0,0,0,0,0,0,0,0,0,2,.000,.000,.000,.000,-100,0,0,0,0,0,0,/1
129,Paul Clemens\clemepa02,28,SDP,16,21,19,1,0,0,0,0,0,0,0,1,9,.000,.050,.000,.050,-85,0,1,0,1,0,0,1
130,Tyler Clippard\clippty01,31,ARI,40,0,0,0,0,0,0,0,0,0,0,0,0,,,,,,0,0,0,0,0,0,1
131,Chris Coghlan*\coghlch01,31,CHC,48,128,103,21,26,7,2,1,16,1,0,22,26,.252,.391,.388,.779,112,40,2,2,0,1,2,7/395
132,Phil Coke*\cokeph01,33,PIT,3,0,0,0,0,0,0,0,0,0,0,0,0,,,,,,0,0,0,0,0,0,/1
133,A.J. Cole\coleaj01,24,WSN,8,8,7,0,0,0,0,0,0,0,0,0,4,.000,.000,.000,.000,-100,0,1,0,1,0,0,/1
134,Gerrit Cole\colege01,25,PIT,21,43,40,3,8,1,0,1,3,0,0,0,19,.200,.220,.300,.520,36,12,0,1,2,0,0,1
135,Louis Coleman\colemlo01,30,LAD,61,0,0,0,0,0,0,0,0,0,0,0,0,,,,,,0,0,0,0,0,0,1
136,Josh Collmenter\collmjo01,30,TOT,18,7,6,0,0,0,0,0,0,0,0,0,6,.000,.000,.000,.000,-100,0,0,0,1,0,0,1
137,Josh Collmenter\collmjo01,30,ARI,15,0,0,0,0,0,0,0,0,0,0,0,0,,,,,,0,0,0,0,0,0,1
138,Josh Collmenter\collmjo01,30,ATL,3,7,6,0,0,0,0,0,0,0,0,0,6,.000,.000,.000,.000,-100,0,0,0,1,0,0,/1
139,Bartolo Colon\colonba01,43,NYM,34,65,60,4,5,2,0,1,2,0,0,1,40,.083,.098,.167,.265,-30,10,3,0,4,0,0,1
140,Gerardo Concepcion*\concege01,24,CHC,3,0,0,0,0,0,0,0,0,0,0,0,0,,,,,,0,0,0,0,0,0,/1
141,Michael Conforto*\confomi01,23,NYM,109,348,304,38,67,21,1,12,42,2,1,36,89,.220,.310,.414,.725,93,126,6,5,0,3,2,7/98D
142,Adam Conley*\conlead01,26,MIA,25,47,41,4,5,0,0,0,3,0,0,1,22,.122,.140,.122,.261,-27,5,1,0,4,1,0,1
143,Willson Contreras\contrwi01,24,CHC,76,283,252,33,71,14,1,12,35,2,2,26,67,.282,.357,.488,.845,126,123,7,4,0,1,0,27/3
144,Patrick Corbin*\corbipa01,26,ARI,38,53,49,7,15,3,1,0,4,0,1,1,14,.306,.320,.408,.728,87,20,0,0,3,0,0,1
145,Jarred Cosart\cosarja01,26,TOT,13,18,16,1,2,0,0,0,0,0,0,0,5,.125,.125,.125,.250,-32,2,0,0,2,0,0,1
146,Jarred Cosart\cosarja01,26,MIA,4,7,6,0,1,0,0,0,0,0,0,0,1,.167,.167,.167,.333,-8,1,0,0,1,0,0,/1
147,Jarred Cosart\cosarja01,26,SDP,9,11,10,1,1,0,0,0,0,0,0,0,4,.100,.100,.100,.200,-46,1,0,0,1,0,0,/1
148,Caleb Cotham\cothaca01,28,CIN,23,0,0,0,0,0,0,0,0,0,0,0,0,,,,,,0,0,0,0,0,0,1
149,Zack Cozart\cozarza01,30,CIN,121,508,464,67,117,28,2,16,50,4,1,37,84,.252,.308,.425,.732,92,197,9,2,1,4,3,*6/D
150,Tyler Cravy\cravyty01,26,MIL,20,5,4,1,1,0,0,1,1,0,0,0,1,.250,.250,1.000,1.250,211,4,0,0,1,0,0,1
151,Brandon Crawford*\crawfbr01,29,SFG,155,623,553,67,152,28,11,12,84,7,0,57,115,.275,.342,.430,.772,107,238,13,4,0,9,10,*6
152,Carl Crawford*\crawfca02,34,LAD,30,87,81,8,15,2,1,0,6,0,1,4,11,.185,.230,.235,.464,28,19,3,1,0,1,0,7/D
153,Johnny Cueto\cuetojo01,30,SFG,32,84,70,1,8,0,0,0,5,0,0,2,24,.114,.137,.114,.251,-31,8,2,0,11,1,0,1
154,Charlie Culberson\culbech01,27,LAD,34,68,67,6,20,3,0,1,7,1,0,1,13,.299,.309,.388,.697,90,26,2,0,0,0,0,64/57
155,Brandon Cunniff\cunnibr02,27,ATL,15,0,0,0,0,0,0,0,0,0,0,0,0,,,,,,0,0,0,0,0,0,1
156,Zac Curtis*\curtiza01,23,ARI,21,0,0,0,0,0,0,0,0,0,0,0,0,,,,,,0,0,0,0,0,0,1
157,Chase d'Arnaud\darnach01,29,ATL,84,262,233,24,57,14,2,1,21,9,3,23,50,.245,.317,.335,.652,76,78,5,3,0,3,1,654/789
158,Travis d'Arnaud\darnatr01,27,NYM,75,276,251,27,62,7,0,4,15,0,0,19,50,.247,.307,.323,.629,70,81,7,3,2,1,1,2
159,David Dahl*\dahlda01,22,COL,63,237,222,42,70,12,4,7,24,5,0,15,59,.315,.359,.500,.859,113,111,3,0,0,0,0,7/89
160,Zach Davies\davieza02,23,MIL,28,61,53,2,5,0,0,0,1,0,0,1,22,.094,.111,.094,.205,-44,5,0,0,7,0,0,1
161,Grant Dayton*\daytogr01,28,LAD,25,1,1,0,0,0,0,0,0,0,0,0,1,.000,.000,.000,.000,-100,0,0,0,0,0,0,1
162,Alejandro De Aza*\deazaal01,32,NYM,130,267,234,31,48,9,0,6,25,4,3,26,67,.205,.297,.321,.618,67,75,5,5,1,1,1,879
163,Ivan De Jesus\dejesiv02,29,CIN,104,243,221,21,56,10,0,1,20,3,1,17,51,.253,.311,.312,.623,67,69,6,2,2,1,1,6453/7
164,Joel De La Cruz\delacjo01,27,ATL,22,18,16,0,3,0,0,0,1,0,0,0,8,.188,.188,.188,.375,2,3,1,0,2,0,0,1
165,Jorge De La Rosa*\rosajo01,35,COL,27,42,38,4,7,0,0,0,6,0,0,2,14,.184,.244,.184,.428,10,7,0,1,1,0,0,1
166,Rubby De La Rosa\delarru01,27,ARI,13,17,14,0,1,0,0,0,1,0,0,0,3,.071,.071,.071,.143,-63,1,1,0,3,0,0,1
167,Jose De Leon\deleojo03,23,LAD,4,4,4,0,0,0,0,0,0,0,0,0,1,.000,.000,.000,.000,-100,0,0,0,0,0,0,/1
168,Abel De Los Santos\delosab01,23,CIN,5,0,0,0,0,0,0,0,0,0,0,0,0,,,,,,0,0,0,0,0,0,/1
169,Jacob deGrom*\degroja01,28,NYM,27,50,42,6,6,1,0,0,2,0,0,3,12,.143,.200,.167,.367,1,7,1,0,5,0,0,1
170,Steve Delabar\delabst01,32,CIN,7,0,0,0,0,0,0,0,0,0,0,0,0,,,,,,0,0,0,0,0,0,/1
171,Randall Delgado\delgara01,26,ARI,79,2,2,0,0,0,0,0,0,0,0,0,0,.000,.000,.000,.000,-100,0,0,0,0,0,0,1
172,Matt den Dekker*\dendema01,28,WSN,19,39,34,3,6,1,0,1,4,1,0,4,10,.176,.282,.294,.576,54,10,0,1,0,0,0,/897
173,Daniel Descalso*\descada01,29,COL,99,289,250,38,66,12,2,8,38,3,0,34,56,.264,.349,.424,.773,93,106,2,1,0,4,3,634/75D
174,Anthony DeSclafani\desclan01,26,CIN,20,43,41,0,5,1,0,0,1,0,0,1,22,.122,.143,.146,.289,-23,6,1,0,1,0,0,1
175,Odrisamer Despaigne\despaod01,29,MIA,3,0,0,0,0,0,0,0,0,0,0,0,0,,,,,,0,0,0,0,0,0,/1
176,Aledmys Diaz\diazal02,25,STL,111,460,404,71,121,28,3,17,65,4,4,41,60,.300,.369,.510,.879,134,206,10,7,2,6,6,6/4
177,Dayan Diaz\diazda01,27,CIN,6,0,0,0,0,0,0,0,0,0,0,0,0,,,,,,0,0,0,0,0,0,/1
178,Elias Diaz\diazel01,25,PIT,1,4,4,0,0,0,0,0,1,0,0,0,1,.000,.000,.000,.000,-100,0,0,0,0,0,0,/2
179,Jumbo Diaz\diazju03,32,CIN,45,1,1,0,0,0,0,0,0,0,0,0,0,.000,.000,.000,.000,-100,0,0,0,0,0,0,1
180,Alex Dickerson*\dickeal01,26,SDP,84,285,253,39,65,16,2,10,37,5,1,26,44,.257,.333,.455,.788,110,115,5,4,0,2,2,7/D
181,Derek Dietrich*\dietrde01,26,MIA,128,412,351,39,98,20,5,7,42,1,0,32,84,.279,.374,.425,.798,119,149,6,24,0,5,2,435/7
182,Wilmer Difo#\difowi01,24,WSN,31,66,58,14,16,3,0,1,7,3,0,8,12,.276,.364,.379,.743,98,22,0,0,0,0,1,/465
183,Jose Dominguez\dominjo01,25,SDP,34,0,0,0,0,0,0,0,0,0,0,0,0,,,,,,0,0,0,0,0,0,1
184,Kyle Drabek\drabeky01,28,ARI,1,0,0,0,0,0,0,0,0,0,0,0,0,,,,,,0,0,0,0,0,0,/1
185,Stephen Drew*\drewst01,33,WSN,70,165,143,24,38,11,1,8,21,0,1,16,31,.266,.339,.524,.864,125,75,3,2,0,4,0,456/D
186,Brandon Drury\drurybr01,23,ARI,134,499,461,59,130,31,1,16,53,1,1,31,100,.282,.329,.458,.786,101,211,14,3,0,4,2,7954/3
187,Lucas Duda*\dudalu01,30,NYM,47,172,153,20,35,7,0,7,23,0,0,15,36,.229,.302,.412,.714,90,63,1,2,0,2,2,3
188,Matt Duffy\duffyma01,25,SFG,70,286,257,32,65,11,2,4,21,8,4,20,40,.253,.313,.358,.671,81,92,9,4,2,3,0,5
189,Zach Duke*\dukeza01,33,STL,28,0,0,0,0,0,0,0,0,0,0,0,0,,,,,,0,0,0,0,0,0,1
190,Mike Dunn*\dunnmi01,31,MIA,51,0,0,0,0,0,0,0,0,0,0,0,0,,,,,,0,0,0,0,0,0,1
191,Adam Duvall\duvalad01,27,CIN,150,608,552,85,133,31,6,33,103,6,5,41,164,.241,.297,.498,.795,106,275,7,6,0,8,1,*7/935
192,Josh Edgin\edginjo01,29,NYM,16,0,0,0,0,0,0,0,0,0,0,0,0,,,,,,0,0,0,0,0,0,1
193,Carl Edwards\edwarca01,24,CHC,37,1,1,0,0,0,0,0,0,0,0,0,1,.000,.000,.000,.000,-100,0,0,0,0,0,0,1
194,Zach Eflin\eflinza01,22,PHI,11,23,23,2,6,2,0,0,0,0,0,0,8,.261,.261,.348,.609,62,8,2,0,0,0,0,1
195,Cody Ege*\egeco01,25,MIA,5,1,1,0,1,0,0,0,0,0,0,0,0,1.000,1.000,1.000,2.000,452,1,0,0,0,0,0,/1
196,Jerad Eickhoff\eickhje01,25,PHI,33,62,61,4,8,3,0,0,5,0,0,1,12,.131,.145,.180,.325,-13,11,3,0,0,0,0,1
197,Brian Ellington\ellinbr02,25,MIA,32,1,1,0,0,0,0,0,0,0,0,0,1,.000,.000,.000,.000,-100,0,0,0,0,0,0,1
198,A.J. Ellis\ellisaj01,35,TOT,64,196,171,11,37,8,0,2,22,2,1,19,31,.216,.301,.298,.599,65,51,5,2,3,1,2,2
199,A.J. Ellis\ellisaj01,35,LAD,53,161,139,8,27,5,0,1,13,1,1,16,24,.194,.285,.252,.537,49,35,5,2,3,1,2,2
200,A.J. Ellis\ellisaj01,35,PHI,11,35,32,3,10,3,0,1,9,1,0,3,7,.313,.371,.500,.871,132,16,0,0,0,0,0,2
201,Jake Elmore\elmorja01,29,MIL,59,99,78,7,17,2,0,0,4,2,3,17,17,.218,.371,.244,.615,70,19,1,2,2,0,1,7/5948
202,Robbie Erlin\erlinro01,25,SDP,3,6,6,0,0,0,0,0,0,0,0,0,3,.000,.000,.000,.000,-100,0,0,0,0,0,0,/1
203,Jake Esch\eschja01,26,MIA,3,5,5,1,1,0,0,0,0,0,0,0,2,.200,.200,.200,.400,10,1,0,0,0,0,0,/1
204,Edwin Escobar*\escobed02,24,ARI,25,2,2,0,0,0,0,0,0,0,0,0,1,.000,.000,.000,.000,-100,0,0,0,0,0,0,1
205,Danny Espinosa#\espinda01,29,WSN,157,601,516,66,108,15,0,24,72,9,2,54,174,.209,.306,.378,.684,81,195,4,20,7,4,12,*6
206,Carlos Estevez\estevca01,23,COL,63,0,0,0,0,0,0,0,0,0,0,0,0,,,,,,0,0,0,0,0,0,1
207,Andre Ethier*\ethiean01,34,LAD,16,26,24,2,5,1,0,1,2,0,0,2,6,.208,.269,.375,.644,74,9,1,0,0,0,1,/7D
208,Jeurys Familia\familje01,26,NYM,78,0,0,0,0,0,0,0,0,0,0,0,0,,,,,,0,0,0,0,0,0,1
209,Taylor Featherston\feathta01,26,PHI,19,28,26,2,3,1,0,0,1,2,0,2,11,.115,.179,.154,.332,-9,4,0,0,0,0,0,/4
210,Tim Federowicz\federti01,28,CHC,17,33,31,3,6,2,0,0,3,0,0,1,12,.194,.212,.258,.470,27,8,1,0,0,1,0,2
211,Neftali Feliz\felizne01,28,PIT,62,0,0,0,0,0,0,0,0,0,0,0,0,,,,,,0,0,0,0,0,0,1
212,Jose Fernandez\fernajo02,23,MIA,30,61,52,3,13,2,0,0,6,0,0,1,13,.250,.264,.288,.553,52,15,1,0,8,0,0,1
213,Josh Fields\fieldjo03,30,LAD,22,1,1,0,0,0,0,0,0,0,0,0,1,.000,.000,.000,.000,-100,0,0,0,0,0,0,1
214,Casey Fien\fienca01,32,LAD,25,0,0,0,0,0,0,0,0,0,0,0,0,,,,,,0,0,0,0,0,0,1
215,Cole Figueroa*\figueco01,29,PIT,23,27,26,0,4,0,0,0,3,1,0,1,2,.154,.185,.154,.339,-8,4,0,0,0,0,0,/456
216,Brandon Finnegan*\finnebr01,23,CIN,33,61,53,4,6,2,0,0,2,0,0,3,18,.113,.161,.151,.312,-16,8,2,0,5,0,0,1
217,Yohan Flande*\flandyo01,30,COL,2,1,0,0,0,0,0,0,0,0,0,0,0,,,,,,0,0,0,1,0,0,/1
218,Kendry Flores\floreke01,24,MIA,1,1,1,0,0,0,0,0,0,0,0,0,1,.000,.000,.000,.000,-100,0,0,0,0,0,0,/1
219,Ramon Flores*\florera02,24,MIL,104,289,249,18,51,8,0,2,19,3,0,31,58,.205,.294,.261,.555,50,65,11,2,3,4,3,987/3
220,Wilmer Flores\florewi01,24,NYM,103,335,307,38,82,14,0,16,49,1,1,23,48,.267,.319,.469,.788,109,144,9,2,0,3,0,534/6
221,Pedro Florimon#\floripe01,29,PIT,18,25,24,4,5,1,1,0,4,0,1,1,12,.208,.240,.333,.573,50,8,0,0,0,0,0,/46
222,Tyler Flowers\flowety01,30,ATL,83,325,281,27,76,18,0,8,41,0,0,29,91,.270,.357,.420,.777,109,118,3,11,0,4,1,2
223,Mike Foltynewicz\foltymi01,24,ATL,22,42,36,3,5,1,0,0,1,0,0,1,19,.139,.162,.167,.329,-11,6,0,0,5,0,0,1
224,Dexter Fowler#\fowlede01,30,CHC,125,551,456,84,126,25,7,13,48,13,4,79,124,.276,.393,.447,.840,127,204,3,11,1,4,0,*8/D
225,Maikel Franco\francma02,23,PHI,152,630,581,67,148,23,1,25,88,1,1,40,106,.255,.306,.427,.733,95,248,13,5,0,4,7,*5
226,Jeff Francoeur\francje02,32,TOT,125,331,307,33,78,15,1,7,34,2,2,20,90,.254,.297,.378,.675,81,116,5,0,1,3,2,79/D5
227,Jeff Francoeur\francje02,32,ATL,99,276,257,29,64,13,0,7,33,2,0,16,75,.249,.290,.381,.671,79,98,4,0,0,3,2,79/D
228,Jeff Francoeur\francje02,32,MIA,26,55,50,4,14,2,1,0,1,0,2,4,15,.280,.333,.360,.693,90,18,1,0,1,0,0,7/95
229,Adam Frazier*\fraziad01,24,PIT,66,160,146,21,44,8,1,2,11,4,1,12,26,.301,.356,.411,.767,104,60,0,1,0,1,0,749/58
230,Freddie Freeman*\freemfr01,26,ATL,158,693,589,102,178,43,6,34,91,6,1,89,171,.302,.400,.569,.968,157,335,12,10,0,5,18,*3
231,Mike Freeman*\freemmi01,28,ARI,8,11,9,0,0,0,0,0,0,0,0,2,5,.000,.182,.000,.182,-46,0,1,0,0,0,0,/79
232,Sam Freeman\freemsa01,29,MIL,7,0,0,0,0,0,0,0,0,0,0,0,0,,,,,,0,0,0,0,0,0,/1
233,David Freese\freesda01,33,PIT,141,492,437,63,118,23,0,13,55,0,0,45,142,.270,.352,.412,.764,102,180,15,10,0,0,2,53/4
234,Carlos Frias\friasca01,26,LAD,1,1,1,0,0,0,0,0,0,0,0,0,1,.000,.000,.000,.000,-100,0,0,0,0,0,0,/1
235,Christian Friedrich\friedch01,28,SDP,24,43,37,2,2,0,0,0,2,0,0,3,23,.054,.125,.054,.179,-49,2,1,0,3,0,0,1
236,Eric Fryer\fryerer01,30,TOT,60,133,116,19,31,4,1,0,13,0,3,13,25,.267,.336,.319,.655,77,37,1,0,2,2,0,2
237,Eric Fryer\fryerer01,30,STL,24,41,38,7,14,2,0,0,5,0,1,3,7,.368,.415,.421,.836,126,16,0,0,0,0,0,2
238,Eric Fryer\fryerer01,30,PIT,36,92,78,12,17,2,1,0,8,0,2,10,18,.218,.300,.269,.569,54,21,1,0,2,2,0,2
239,Freddy Galvis#\galvifr01,26,PHI,158,624,584,61,141,26,3,20,67,17,6,25,136,.241,.274,.399,.673,78,233,16,3,8,4,6,*6
240,John Gant\gantjo01,23,ATL,20,10,7,0,0,0,0,0,0,0,0,0,1,.000,.000,.000,.000,-100,0,0,0,3,0,0,1
241,Adonis Garcia\garciad01,31,ATL,134,563,532,65,145,29,0,14,65,3,2,24,93,.273,.311,.406,.717,91,216,18,6,0,0,4,*5/7D
242,Greg Garcia*\garcigr01,26,STL,99,257,214,33,59,11,0,3,17,1,1,38,50,.276,.393,.369,.762,108,79,3,4,0,1,4,564
243,Jaime Garcia*\garcija02,29,STL,32,51,41,3,7,0,0,0,4,0,0,2,17,.171,.205,.171,.375,3,7,0,0,7,1,0,1
244,Luis Garcia\garcilu03,29,PHI,17,1,0,0,0,0,0,0,0,0,0,0,0,,,,,,0,0,0,1,0,0,1
245,Yimi Garcia\garciyi01,25,LAD,9,0,0,0,0,0,0,0,0,0,0,0,0,,,,,,0,0,0,0,0,0,/1
246,Dustin Garneau\garnedu01,28,COL,24,75,68,7,16,6,0,1,6,0,0,6,22,.235,.293,.368,.661,65,25,1,0,0,1,0,2
247,Matt Garza\garzama01,32,MIL,19,33,28,1,1,0,0,0,0,0,0,2,17,.036,.100,.036,.136,-61,1,1,0,3,0,0,1
248,Cory Gearrin\gearrco01,30,SFG,56,1,1,0,1,0,0,0,0,0,0,0,0,1.000,1.000,1.000,2.000,445,1,0,0,0,0,0,1/7
249,Scooter Gennett*\gennesc01,26,MIL,136,542,498,58,131,30,1,14,56,8,1,38,114,.263,.317,.412,.728,93,205,11,2,1,2,1,*4/D
250,Gonzalez Germen\germego01,28,COL,40,3,3,0,0,0,0,0,0,0,0,0,1,.000,.000,.000,.000,-100,0,0,0,0,0,0,1
251,Conor Gillaspie*\gillaco01,28,SFG,101,205,191,24,50,8,4,6,25,1,2,12,28,.262,.307,.440,.747,99,84,3,1,0,1,3,5/3
252,Cole Gillespie\gilleco01,32,MIA,41,55,51,7,12,3,2,0,5,0,0,3,14,.235,.273,.373,.645,75,19,1,0,0,1,0,/7938
253,Sean Gilmartin*\gilmase01,26,NYM,14,0,0,0,0,0,0,0,0,0,0,0,0,,,,,,0,0,0,0,0,0,1
254,Lucas Giolito\giolilu01,21,WSN,6,6,4,1,1,0,0,0,0,0,0,0,1,.250,.250,.250,.500,34,1,0,0,2,0,0,/1
255,Tyler Glasnow*\glasnty01,22,PIT,7,7,7,0,1,0,0,0,0,0,0,0,4,.143,.143,.143,.286,-23,1,0,0,0,0,0,/1
256,Koda Glover\gloveko01,23,WSN,19,0,0,0,0,0,0,0,0,0,0,0,0,,,,,,0,0,0,0,0,0,1
257,Zack Godley\godleza01,26,ARI,27,19,18,1,2,0,0,0,0,0,0,0,9,.111,.111,.111,.222,-42,2,0,0,1,0,0,1
258,Erik Goeddel\goedder01,27,NYM,36,0,0,0,0,0,0,0,0,0,0,0,0,,,,,,0,0,0,0,0,0,1
259,Tyler Goeddel\goeddty01,23,PHI,92,234,213,17,41,3,3,4,16,3,0,17,52,.192,.258,.291,.549,48,62,4,2,1,1,0,79
260,David Goforth\goforda01,27,MIL,10,0,0,0,0,0,0,0,0,0,0,0,0,,,,,,0,0,0,0,0,0,1
261,Paul Goldschmidt\goldspa01,28,ARI,158,705,579,106,172,33,3,24,95,32,5,110,150,.297,.411,.489,.899,133,283,14,7,0,8,15,*3/D
262,Jeanmar Gomez\gomezje01,28,PHI,70,0,0,0,0,0,0,0,0,0,0,0,0,,,,,,0,0,0,0,0,0,1
263,Adrian Gonzalez*\gonzaad01,34,LAD,156,633,568,69,162,31,0,18,90,0,2,55,117,.285,.349,.435,.784,113,247,16,4,0,6,9,*3/D
264,Carlos Gonzalez*\gonzaca01,30,COL,150,632,584,87,174,42,2,25,100,2,2,46,129,.298,.350,.505,.855,111,295,10,1,0,1,6,*9
265,Gio Gonzalez\gonzagi01,30,WSN,32,59,52,1,7,2,0,0,2,0,0,0,24,.135,.148,.173,.321,-15,9,0,1,5,1,0,1
266,Severino Gonzalez\gonzase01,23,PHI,27,1,1,0,0,0,0,0,0,0,0,0,0,.000,.000,.000,.000,-100,0,0,0,0,0,0,1
267,Brian Goodwin*\goodwbr01,25,WSN,22,44,42,1,12,4,1,0,5,0,0,2,14,.286,.318,.429,.747,96,18,1,0,0,0,0,/978
268,Dee Gordon*\gordode01,28,MIA,79,346,326,47,87,7,6,1,14,30,7,18,55,.267,.304,.334,.639,75,109,4,0,1,1,1,4
269,Tuffy Gosewisch\gosewtu01,32,ARI,33,99,90,8,14,1,1,3,7,0,0,7,22,.156,.224,.289,.513,32,26,1,1,1,0,0,2
270,Philip Gosselin\gosseph01,27,ARI,122,240,220,26,61,12,1,2,13,3,0,15,46,.277,.324,.368,.692,79,81,0,1,2,2,0,45/37D9
271,Trevor Gott\gotttr01,23,WSN,9,0,0,0,0,0,0,0,0,0,0,0,0,,,,,,0,0,0,0,0,0,/1
272,Matt Grace*\gracema02,27,WSN,6,0,0,0,0,0,0,0,0,0,0,0,0,,,,,,0,0,0,0,0,0,/1
273,Yasmani Grandal#\grandya01,27,LAD,126,457,390,49,89,14,1,27,72,1,3,64,116,.228,.339,.477,.816,121,186,11,2,0,1,1,*2/3
274,Curtis Granderson*\grandcu01,35,NYM,150,633,545,88,129,24,5,30,59,4,2,74,130,.237,.335,.464,.799,112,253,10,9,0,5,7,*98/7D
275,Jon Gray\grayjo02,24,COL,29,55,47,2,7,2,0,0,4,0,0,2,30,.149,.184,.191,.375,-5,9,0,0,6,0,0,1
276,Grant Green\greengr01,28,SFG,18,50,46,7,12,2,0,1,7,0,0,3,8,.261,.300,.370,.670,80,17,3,0,0,1,0,4
277,Zack Greinke\greinza01,32,ARI,27,60,52,4,11,1,0,0,3,1,0,3,9,.212,.246,.231,.476,25,12,0,0,3,2,0,1
278,Randal Grichuk\grichra01,24,STL,132,478,446,66,107,29,3,24,68,5,4,28,141,.240,.289,.480,.769,102,214,9,3,0,1,0,*8/79
279,Jason Grilli\grillja01,39,ATL,21,0,0,0,0,0,0,0,0,0,0,0,0,,,,,,0,0,0,0,0,0,1
280,Justin Grimm\grimmju01,27,CHC,68,0,0,0,0,0,0,0,0,0,0,0,0,,,,,,0,0,0,0,0,0,1
281,Robert Gsellman\gsellro01,22,NYM,9,17,15,0,1,0,0,0,0,0,0,0,9,.067,.067,.067,.133,-64,1,0,0,2,0,0,/1
282,Junior Guerra\guerrju02,31,MIL,20,43,35,2,8,2,0,0,0,0,0,0,13,.229,.229,.286,.514,36,10,0,0,8,0,0,1
283,Tayron Guerrero\guerrta01,25,SDP,1,0,0,0,0,0,0,0,0,0,0,0,0,,,,,,0,0,0,0,0,0,/1
284,Jason Gurka*\gurkaja01,28,COL,6,0,0,0,0,0,0,0,0,0,0,0,0,,,,,,0,0,0,0,0,0,/1
285,Jedd Gyorko\gyorkje01,27,STL,128,438,400,58,97,9,1,30,59,0,0,37,96,.243,.306,.495,.801,111,198,11,0,0,1,1,4563
286,David Hale\haleda02,28,COL,2,0,0,0,0,0,0,0,0,0,0,0,0,,,,,,0,0,0,0,0,0,/1
287,Cody Hall\hallco01,28,MIA,2,0,0,0,0,0,0,0,0,0,0,0,0,,,,,,0,0,0,0,0,0,/1
288,Billy Hamilton#\hamilbi02,25,CIN,119,460,411,69,107,19,3,3,17,58,8,36,93,.260,.321,.343,.664,77,141,5,1,11,1,0,*8
289,Jason Hammel\hammeja01,33,CHC,35,69,65,6,16,3,0,0,7,0,0,1,24,.246,.258,.292,.550,49,19,0,0,3,0,0,1
290,Brad Hand*\handbr01,26,SDP,82,5,4,0,0,0,0,0,0,0,0,0,1,.000,.000,.000,.000,-100,0,0,0,1,0,0,1
291,Mitch Haniger\hanigmi01,25,ARI,34,123,109,9,25,2,1,5,17,0,0,12,27,.229,.309,.404,.713,83,44,3,1,0,1,2,8/79
292,Alen Hanson#\hansoal01,23,PIT,27,33,31,5,7,1,0,0,1,2,1,2,5,.226,.273,.258,.531,43,8,0,0,0,0,1,/4
293,Bryce Harper*\harpebr03,23,WSN,147,627,506,84,123,24,2,24,86,21,10,108,117,.243,.373,.441,.814,116,223,11,3,0,10,20,*9
294,Lucas Harrell#\harrelu01,31,ATL,5,8,8,0,0,0,0,0,0,0,0,0,2,.000,.000,.000,.000,-100,0,0,0,0,0,0,/1
295,Josh Harrison\harrijo05,28,PIT,131,522,487,57,138,25,7,4,59,19,4,18,76,.283,.311,.388,.699,85,189,10,5,4,8,0,*4/9
296,Matt Harvey\harvema01,27,NYM,17,25,22,2,3,1,0,0,0,0,0,0,8,.136,.136,.182,.318,-15,4,1,0,3,0,0,1
297,Chris Hatcher#\hatchch02,31,LAD,37,3,3,0,1,0,0,0,1,0,0,0,0,.333,.333,.333,.667,84,1,0,0,0,0,0,1
298,Steve Hathaway*\hathast01,25,ARI,24,0,0,0,0,0,0,0,0,0,0,0,0,,,,,,0,0,0,0,0,0,1
299,Drew Hayes\hayesdr01,28,CIN,6,2,1,0,0,0,0,0,0,0,0,0,0,.000,.000,.000,.000,-100,0,0,0,1,0,0,/1
300,Jeremy Hazelbaker*\hazelje01,28,STL,114,224,200,35,47,7,3,12,28,5,2,18,64,.235,.295,.480,.775,104,96,1,0,4,2,2,78/9
301,Adeiny Hechavarria\hechaad01,27,MIA,155,547,508,52,120,17,6,3,38,1,0,33,73,.236,.283,.311,.594,63,158,10,1,2,3,7,*6
302,Austin Hedges\hedgeau01,23,SDP,8,26,24,2,3,1,0,0,1,0,1,0,7,.125,.154,.167,.321,-13,4,0,1,0,1,0,/2
303,Chris Heisey\heisech01,31,WSN,83,155,139,18,30,3,1,9,17,0,1,13,44,.216,.290,.446,.736,92,62,0,2,0,1,0,79/8D
304,Jeremy Hellickson\hellije01,29,PHI,32,66,54,3,9,1,0,0,4,0,0,4,24,.167,.224,.185,.409,12,10,1,0,8,0,0,1
305,Jim Henderson*\hendeji01,33,NYM,44,0,0,0,0,0,0,0,0,0,0,0,0,,,,,,0,0,0,0,0,0,1
306,Kyle Hendricks\hendrky01,26,CHC,32,68,58,1,8,0,0,0,2,0,0,1,29,.138,.167,.138,.305,-16,8,0,1,8,0,0,1
307,Cesar Hernandez#\hernace02,26,PHI,155,622,547,67,161,14,11,6,39,17,13,66,116,.294,.371,.393,.764,107,215,6,2,5,2,4,*4/6
308,David Hernandez\hernada01,31,PHI,70,0,0,0,0,0,0,0,0,0,0,0,0,,,,,,0,0,0,0,0,0,1
309,Enrique Hernandez\hernaen02,24,LAD,109,244,216,25,41,8,0,7,18,2,0,28,64,.190,.283,.324,.607,66,70,3,0,0,0,1,784/956D
310,Gorkys Hernandez\hernago01,28,SFG,26,57,54,7,14,5,0,2,4,0,1,3,11,.259,.298,.463,.761,102,25,0,0,0,0,0,8/97
311,Oscar Hernandez\hernaos01,22,ARI,4,11,11,1,2,0,0,1,1,0,0,0,0,.182,.182,.455,.636,57,5,1,0,0,0,0,/2
312,Roberto Hernandez\carmofa01,35,ATL,2,4,4,0,0,0,0,0,0,0,0,0,3,.000,.000,.000,.000,-100,0,0,0,0,0,0,/1
313,Odubel Herrera*\herreod01,24,PHI,159,656,583,87,167,21,6,15,49,25,7,63,134,.286,.361,.420,.781,110,245,6,6,2,2,7,*8
314,Chris Herrmann*\herrmch01,28,ARI,56,166,148,21,42,5,4,6,28,4,0,16,44,.284,.352,.493,.845,116,73,2,0,1,1,1,2/9738
315,Frank Herrmann*\herrmfr01,32,PHI,14,1,1,0,0,0,0,0,0,0,0,0,1,.000,.000,.000,.000,-100,0,0,0,0,0,0,1
316,Keith Hessler*\hesslke01,27,TOT,17,0,0,0,0,0,0,0,0,0,0,0,0,,,,,,0,0,0,0,0,0,1
317,Keith Hessler*\hesslke01,27,ARI,2,0,0,0,0,0,0,0,0,0,0,0,0,,,,,,0,0,0,0,0,0,/1
318,Keith Hessler*\hesslke01,27,SDP,15,0,0,0,0,0,0,0,0,0,0,0,0,,,,,,0,0,0,0,0,0,1
319,Chris Heston\hestoch01,28,SFG,4,0,0,0,0,0,0,0,0,0,0,0,0,,,,,,0,0,0,0,0,0,/1
320,Jason Heyward*\heywaja01,26,CHC,142,592,530,61,122,27,1,7,49,11,4,54,93,.230,.306,.325,.631,71,172,12,5,1,2,0,*98
321,Aaron Hill\hillaa01,34,MIL,78,292,254,34,72,11,0,8,29,4,2,30,43,.283,.359,.421,.780,108,107,5,2,0,4,0,54
322,Rich Hill*\hillri01,36,LAD,6,12,12,0,0,0,0,0,0,0,0,0,8,.000,.000,.000,.000,-100,0,0,0,0,0,0,/1
323,Dalier Hinojosa\hinojda01,30,PHI,10,0,0,0,0,0,0,0,0,0,0,0,0,,,,,,0,0,0,0,0,0,1
324,Jeff Hoffman\hoffmje02,23,COL,8,9,8,0,0,0,0,0,0,0,0,0,2,.000,.000,.000,.000,-100,0,0,0,1,0,0,/1
325,Matt Holliday\hollima01,36,STL,110,426,382,48,94,20,1,20,62,0,0,35,71,.246,.322,.461,.782,107,176,9,8,0,1,1,73/D
326,Tyler Holt\holtty01,27,CIN,106,208,179,21,42,5,3,0,13,4,3,23,48,.235,.327,.296,.623,68,53,6,2,3,1,0,897/1
327,Destin Hood\hoodde01,26,MIA,13,25,25,3,6,1,0,1,2,0,1,0,11,.240,.240,.400,.640,71,10,0,0,0,0,0,/79
328,J.J. Hoover\hoovejj01,28,CIN,18,0,0,0,0,0,0,0,0,0,0,0,0,,,,,,0,0,0,0,0,0,1
329,Ryan Howard*\howarry01,36,PHI,112,362,331,35,65,10,0,25,59,0,1,27,114,.196,.257,.453,.710,86,150,7,1,0,3,2,3/D
330,J.P. Howell*\howeljp01,33,LAD,64,2,2,0,0,0,0,0,0,0,0,0,2,.000,.000,.000,.000,-100,0,0,0,0,0,0,1
331,Daniel Hudson\hudsoda01,29,ARI,70,0,0,0,0,0,0,0,0,0,0,0,0,,,,,,0,0,0,0,0,0,1
332,Jared Hughes\hugheja02,30,PIT,67,1,1,0,0,0,0,0,0,0,0,0,1,.000,.000,.000,.000,-100,0,0,0,0,0,0,1
333,Nick Hundley\hundlni01,32,COL,83,317,289,30,75,20,1,10,48,0,0,25,65,.260,.320,.439,.759,88,127,12,1,1,1,3,2
334,Cedric Hunter*\huntece01,28,PHI,13,36,34,3,3,0,0,1,1,0,0,2,6,.088,.139,.176,.315,-16,6,1,0,0,0,0,7/9
335,Jason Hursh\hurshja01,24,ATL,2,0,0,0,0,0,0,0,0,0,0,0,0,,,,,,0,0,0,0,0,0,/1
336,Drew Hutchison*\hutchdr01,25,PIT,6,1,1,0,0,0,0,0,0,0,0,0,1,.000,.000,.000,.000,-100,0,0,0,0,0,0,/1
337,Raisel Iglesias\iglesra01,26,CIN,37,11,11,0,1,0,0,0,0,0,0,0,2,.091,.091,.091,.182,-51,1,0,0,0,0,0,1
338,Ender Inciarte*\inciaen01,25,ATL,131,578,522,85,152,24,7,3,29,16,7,45,68,.291,.351,.381,.732,98,199,8,4,5,2,5,*87
339,Hernan Iribarren*\iribahe01,32,CIN,24,45,45,6,14,0,3,0,2,1,0,0,11,.311,.311,.444,.756,98,20,2,0,0,0,0,/8439
340,Edwin Jackson\jacksed01,32,TOT,24,27,23,2,5,1,0,0,2,1,0,3,11,.217,.308,.261,.569,56,6,0,0,1,0,0,1
341,Edwin Jackson\jacksed01,32,MIA,8,0,0,0,0,0,0,0,0,0,0,0,0,,,,,,0,0,0,0,0,0,/1
342,Edwin Jackson\jacksed01,32,SDP,16,27,23,2,5,1,0,0,2,1,0,3,11,.217,.308,.261,.569,56,6,0,0,1,0,0,1
343,Travis Jankowski*\jankotr01,25,SDP,131,383,335,53,82,13,2,2,12,30,12,42,100,.245,.332,.313,.646,77,105,5,2,3,0,0,*89/7
344,Kenley Jansen#\janseke01,28,LAD,72,0,0,0,0,0,0,0,0,0,0,0,0,,,,,,0,0,0,0,0,0,1
345,John Jaso*\jasojo01,32,PIT,132,432,380,45,102,25,3,8,42,0,4,45,74,.268,.353,.413,.766,103,157,8,5,1,1,0,3/9
346,Jon Jay*\jayjo02,31,SDP,90,374,347,49,101,26,1,2,26,2,0,19,78,.291,.339,.389,.728,97,135,5,6,1,0,0,8/97
347,Jeremy Jeffress\jeffrje01,28,MIL,47,0,0,0,0,0,0,0,0,0,0,0,0,,,,,,0,0,0,0,0,0,1
348,Tyrell Jenkins\jenkity01,23,ATL,14,17,13,0,0,0,0,0,0,0,0,0,4,.000,.000,.000,.000,-100,0,0,0,4,0,0,1
349,Kyle Jensen\jenseky01,28,ARI,17,34,31,5,6,0,1,2,7,0,0,2,13,.194,.265,.452,.716,81,14,1,1,0,0,0,/37D9
350,Chris Johnson\johnsch05,31,MIA,113,264,243,20,54,11,0,5,24,0,0,19,78,.222,.281,.329,.611,67,80,13,1,1,0,2,35/7
351,Erik Johnson\johnser04,26,SDP,4,5,4,0,0,0,0,0,0,0,0,0,3,.000,.000,.000,.000,-100,0,0,0,1,0,0,/1
352,Jim Johnson\johnsji04,33,ATL,65,1,1,0,0,0,0,0,0,0,0,0,1,.000,.000,.000,.000,-100,0,0,0,0,0,0,1
353,Kelly Johnson*\johnske05,34,TOT,131,333,304,25,75,14,0,10,34,4,0,25,65,.247,.306,.391,.698,86,119,6,2,0,2,2,457/36
354,Kelly Johnson*\johnske05,34,ATL,49,132,121,8,26,6,0,1,10,1,0,10,25,.215,.273,.289,.562,52,35,4,0,0,1,1,4/73
355,Kelly Johnson*\johnske05,34,NYM,82,201,183,17,49,8,0,9,24,3,0,15,40,.268,.328,.459,.787,109,84,2,2,0,1,1,45/736
356,Micah Johnson*\johnsmi04,25,LAD,7,6,6,1,1,0,0,0,0,0,0,0,1,.167,.167,.167,.333,-8,1,0,0,0,0,0,/47
357,Tommy Joseph\josepto01,24,PHI,107,347,315,47,81,15,0,21,47,1,1,22,75,.257,.308,.505,.813,114,159,11,4,0,6,0,3
358,Matthew Joyce*\joycema01,31,PIT,140,293,231,45,56,10,1,13,42,1,1,59,67,.242,.403,.463,.866,130,107,9,3,0,0,4,97/D
359,Taylor Jungmann\jungmta01,26,MIL,8,8,8,1,1,0,0,0,0,0,0,0,4,.125,.125,.125,.250,-33,1,0,0,0,0,0,/1
360,Ryan Kalish*\kalisry01,28,CHC,7,10,7,1,2,0,0,0,2,0,0,1,0,.286,.444,.286,.730,104,2,0,1,1,0,0,/79
361,Jung Ho Kang\kangju01,29,PIT,103,370,318,45,81,19,0,21,62,3,1,36,79,.255,.354,.513,.867,127,163,11,14,0,2,1,5/D
362,Munenori Kawasaki*\kawasmu01,35,CHC,14,26,21,3,7,2,0,0,1,2,0,4,5,.333,.462,.429,.890,144,9,1,1,0,0,0,4/5
363,Scott Kazmir*\kazmisc01,32,LAD,27,50,43,3,5,0,0,0,2,0,0,1,24,.116,.136,.116,.253,-30,5,1,0,6,0,0,1
364,Shawn Kelley\kellesh01,32,WSN,67,1,1,0,0,0,0,0,0,0,0,0,1,.000,.000,.000,.000,-100,0,0,0,0,0,0,1
365,Carson Kelly\kellyca02,21,STL,10,14,13,1,2,1,0,0,1,0,0,0,2,.154,.214,.231,.445,20,3,0,1,0,0,0,2
366,Casey Kelly\kellyca01,26,ATL,10,3,2,0,0,0,0,0,0,0,0,0,1,.000,.000,.000,.000,-100,0,0,0,1,0,0,1
367,Don Kelly*\kellydo01,36,MIA,13,30,27,2,4,0,2,0,3,0,0,2,5,.148,.200,.296,.496,34,8,2,0,0,1,0,3
368,Ty Kelly#\kellyty01,27,NYM,39,71,58,9,14,1,1,1,7,0,0,11,9,.241,.352,.345,.697,89,20,2,0,0,2,0,5/74389
369,Matt Kemp\kempma01,31,TOT,156,672,623,89,167,39,0,35,108,1,0,36,156,.268,.304,.499,.803,112,311,17,1,0,12,6,*97/D
370,Matt Kemp\kempma01,31,SDP,100,431,409,54,107,24,0,23,69,0,0,16,100,.262,.285,.489,.774,104,200,8,0,0,6,3,9/D
371,Matt Kemp\kempma01,31,ATL,56,241,214,35,60,15,0,12,39,1,0,20,56,.280,.336,.519,.855,126,111,9,1,0,6,3,7
372,Howie Kendrick\kendrho01,32,LAD,146,543,487,65,124,26,2,8,40,10,2,50,96,.255,.326,.366,.691,90,178,20,3,0,3,2,7453/D
373,Clayton Kershaw*\kershcl01,28,LAD,23,50,46,2,8,1,0,0,3,0,0,1,12,.174,.191,.196,.387,7,9,0,0,3,0,0,1
374,Spencer Kieboom\kiebosp01,25,WSN,1,1,0,1,0,0,0,0,0,0,0,1,0,,1.000,,,,0,0,0,0,0,0,
375,Dean Kiekhefer*\kiekhde01,27,STL,26,1,1,0,0,0,0,0,0,0,0,0,0,.000,.000,.000,.000,-100,0,0,0,0,0,0,1
376,Michael Kirkman*\kirkmmi01,29,TOT,2,0,0,0,0,0,0,0,0,0,0,0,0,,,,,,0,0,0,0,0,0,/1
377,Michael Kirkman*\kirkmmi01,29,SDP,1,0,0,0,0,0,0,0,0,0,0,0,0,,,,,,0,0,0,0,0,0,/1
378,Michael Kirkman*\kirkmmi01,29,MIL,1,0,0,0,0,0,0,0,0,0,0,0,0,,,,,,0,0,0,0,0,0,/1
379,Patrick Kivlehan\kivlepa01,26,TOT,8,24,21,5,4,0,0,1,2,0,0,2,11,.190,.292,.333,.625,68,7,0,1,0,0,0,/97
380,Patrick Kivlehan\kivlepa01,26,SDP,5,19,16,5,4,0,0,1,2,0,0,2,9,.250,.368,.438,.806,117,7,0,1,0,0,0,/97
381,Patrick Kivlehan\kivlepa01,26,CIN,3,5,5,0,0,0,0,0,0,0,0,0,2,.000,.000,.000,.000,-100,0,0,0,0,0,0,/9
382,Phil Klein\kleinph01,27,PHI,4,2,2,0,0,0,0,0,0,0,0,0,2,.000,.000,.000,.000,-100,0,0,0,0,0,0,/1
383,Corey Knebel\knebeco01,24,MIL,35,0,0,0,0,0,0,0,0,0,0,0,0,,,,,,0,0,0,0,0,0,1
384,Matt Koch*\kochma01,25,ARI,7,6,3,0,0,0,0,0,0,0,0,1,3,.000,.250,.000,.250,-26,0,0,0,2,0,0,/1
385,Tom Koehler\koehlto01,30,MIA,33,56,51,1,5,0,0,0,4,0,0,1,28,.098,.115,.098,.213,-40,5,0,0,4,0,0,1
386,George Kontos\kontoge01,31,SFG,57,0,0,0,0,0,0,0,0,0,0,0,0,,,,,,0,0,0,0,0,0,1
387,Erik Kratz\kratzer01,36,PIT,18,57,56,3,6,1,0,1,4,0,0,0,18,.107,.107,.179,.286,-26,10,2,0,1,0,0,2/31
388,Ian Krol*\krolia01,25,ATL,63,1,1,0,0,0,0,0,0,0,0,0,0,.000,.000,.000,.000,-100,0,0,0,0,0,0,1
389,Chad Kuhl\kuhlch01,23,PIT,15,26,23,0,2,0,0,0,0,0,0,1,9,.087,.125,.087,.212,-42,2,0,0,2,0,0,1
390,Tommy La Stella*\lasteto01,27,CHC,74,169,148,17,40,12,1,2,11,0,1,18,27,.270,.357,.405,.763,106,60,2,2,0,0,1,5/4
391,John Lackey\lackejo01,37,CHC,29,69,63,1,6,2,0,0,2,0,0,2,31,.095,.123,.127,.250,-32,8,1,0,4,0,0,1
392,Juan Lagares\lagarju01,27,NYM,79,160,142,15,34,7,2,3,9,4,2,11,27,.239,.301,.380,.682,82,54,4,2,4,1,1,8/97
393,Blake Lalli*\lallibl01,33,ATL,10,13,13,0,2,1,0,0,1,0,0,0,3,.154,.154,.231,.385,2,3,1,0,0,0,0,/3
394,Jake Lamb*\lambja01,25,ARI,151,594,523,81,130,31,9,29,91,6,1,64,154,.249,.332,.509,.840,114,266,13,3,0,4,5,*5
395,John Lamb*\lambjo02,25,CIN,14,22,20,0,1,0,0,0,0,0,0,1,12,.050,.095,.050,.145,-60,1,0,0,1,0,0,1
396,Mat Latos\latosma01,28,WSN,6,3,3,1,1,0,0,1,1,0,0,0,1,.333,.333,1.333,1.667,313,4,0,0,0,0,0,/1
397,Derek Law\lawde01,25,SFG,61,1,1,0,0,0,0,0,0,0,0,0,0,.000,.000,.000,.000,-100,0,0,0,0,0,0,1
398,Mike Leake\leakemi01,28,STL,34,55,49,3,7,1,0,0,4,0,0,3,19,.143,.192,.163,.356,-3,8,3,0,3,0,0,1
399,Wade LeBlanc*\leblawa01,31,PIT,8,1,1,0,0,0,0,0,0,0,0,0,1,.000,.000,.000,.000,-100,0,0,0,0,0,0,/1
400,DJ LeMahieu\lemahdj01,27,COL,146,635,552,104,192,32,8,11,66,11,7,66,80,.348,.416,.495,.911,128,273,19,3,8,6,2,*4
401,Dominic Leone\leonedo01,24,ARI,25,0,0,0,0,0,0,0,0,0,0,0,0,,,,,,0,0,0,0,0,0,1
402,Jon Lester*\lestejo01,32,CHC,33,75,59,3,6,3,0,0,6,0,0,6,18,.102,.185,.153,.337,-7,9,2,0,10,0,0,1
403,Adam Liberatore*\liberad01,29,LAD,58,0,0,0,0,0,0,0,0,0,0,0,0,,,,,,0,0,0,0,0,0,1
404,Francisco Liriano*\liriafr01,32,PIT,23,42,42,2,12,1,0,1,5,0,0,0,16,.286,.286,.381,.667,75,16,0,0,0,0,0,1
405,Jose Lobaton#\lobatjo01,31,WSN,39,114,99,10,23,3,1,3,8,0,0,12,18,.232,.319,.374,.692,84,37,4,1,1,1,1,2
406,Kyle Lobstein*\lobstky01,26,PIT,14,2,2,0,0,0,0,0,0,0,0,0,1,.000,.000,.000,.000,-100,0,0,0,0,0,0,1
407,Jeff Locke*\lockeje01,28,PIT,31,39,32,0,4,0,0,0,0,0,0,1,17,.125,.152,.125,.277,-25,4,0,0,6,0,0,1
408,Adam Loewen*\loewead01,32,ARI,8,0,0,0,0,0,0,0,0,0,0,0,0,,,,,,0,0,0,0,0,0,/1
409,Boone Logan\loganbo02,31,COL,66,0,0,0,0,0,0,0,0,0,0,0,0,,,,,,0,0,0,0,0,0,1
410,James Loney*\loneyja01,32,NYM,100,366,343,30,91,16,1,9,34,0,0,16,37,.265,.307,.397,.703,88,136,11,5,1,1,3,3
411,Javier Lopez*\lopezja02,38,SFG,68,1,1,0,0,0,0,0,0,0,0,0,1,.000,.000,.000,.000,-100,0,0,0,0,0,0,1
412,Rafael Lopez*\lopezra02,28,CIN,8,7,7,0,0,0,0,0,0,0,0,0,3,.000,.000,.000,.000,-100,0,0,0,0,0,0,/23D
413,Reynaldo Lopez\lopezre01,22,WSN,11,14,12,0,1,0,0,0,0,0,0,0,7,.083,.083,.083,.167,-55,1,0,0,2,0,0,1
414,Michael Lorenzen\lorenmi01,24,CIN,36,5,5,1,1,0,0,1,3,0,0,0,2,.200,.200,.800,1.000,148,4,0,0,0,0,0,1
415,David Lough*\loughda01,30,PHI,30,79,67,6,16,3,1,0,4,1,2,9,8,.239,.342,.313,.655,79,21,0,2,0,1,1,79
416,Jonathan Lucroy\lucrojo01,30,MIL,95,376,338,48,101,17,3,13,50,5,0,33,70,.299,.359,.482,.841,122,163,12,1,0,4,3,2/3D
417,Cory Luebke\luebkco01,31,PIT,9,0,0,0,0,0,0,0,0,0,0,0,0,,,,,,0,0,0,0,0,0,/1
418,Seth Lugo\lugose01,26,NYM,17,18,16,2,3,1,0,0,1,0,0,1,2,.188,.222,.250,.472,27,4,0,0,0,1,0,1
419,Jordan Lyles\lylesjo01,25,COL,40,8,8,0,0,0,0,0,0,0,0,0,4,.000,.000,.000,.000,-100,0,0,0,0,0,0,1
420,Tyler Lyons*\lyonsty01,28,STL,30,4,4,0,0,0,0,0,0,0,0,0,2,.000,.000,.000,.000,-100,0,0,0,0,0,0,1
421,Kenta Maeda\maedake01,28,LAD,35,66,57,5,7,1,0,1,4,0,0,1,16,.123,.138,.193,.331,-11,11,1,0,8,0,0,1
422,Matt Magill\magilma01,26,CIN,5,0,0,0,0,0,0,0,0,0,0,0,0,,,,,,0,0,0,0,0,0,/1
423,Damien Magnifico\magnida01,25,MIL,3,0,0,0,0,0,0,0,0,0,0,0,0,,,,,,0,0,0,0,0,0,/1
424,Martin Maldonado\maldoma01,29,MIL,76,253,208,21,42,7,0,8,21,1,0,35,56,.202,.332,.351,.683,83,73,6,6,3,1,9,2
425,Seth Maness\manesse01,27,STL,29,1,1,0,0,0,0,0,0,0,0,0,1,.000,.000,.000,.000,-100,0,0,0,0,0,0,1
426,Manuel Margot\margoma01,21,SDP,10,37,37,4,9,4,1,0,3,2,0,0,7,.243,.243,.405,.649,71,15,0,0,0,0,0,/89
427,Jhan Marinez\marinjh01,27,MIL,43,3,3,0,0,0,0,0,0,0,0,0,1,.000,.000,.000,.000,-100,0,0,0,0,0,0,1
428,Michael Mariot\mariomi01,27,PHI,25,0,0,0,0,0,0,0,0,0,0,0,0,,,,,,0,0,0,0,0,0,1
429,Nick Markakis*\markani01,32,ATL,158,684,599,67,161,38,0,13,89,0,2,71,101,.269,.346,.397,.744,100,238,16,5,0,9,9,*9/D3
430,Matt Marksberry*\marksma01,25,ATL,4,0,0,0,0,0,0,0,0,0,0,0,0,,,,,,0,0,0,0,0,0,/1
431,German Marquez\marquge01,21,COL,6,8,6,1,0,0,0,0,0,0,0,0,3,.000,.000,.000,.000,-100,0,0,0,2,0,0,/1
432,Evan Marshall\marshev01,26,ARI,15,0,0,0,0,0,0,0,0,0,0,0,0,,,,,,0,0,0,0,0,0,1
433,Kelvin Marte\marteke02,28,PIT,2,0,0,0,0,0,0,0,0,0,0,0,0,,,,,,0,0,0,0,0,0,/1
434,Starling Marte\martest01,27,PIT,129,529,489,71,152,34,5,9,46,47,12,23,104,.311,.362,.456,.818,116,223,8,16,1,0,5,*78
435,Rafael Martin\martira04,32,WSN,8,0,0,0,0,0,0,0,0,0,0,0,0,,,,,,0,0,0,0,0,0,/1
436,Carlos Martinez\martica04,24,STL,33,65,59,5,14,1,0,0,6,0,0,0,13,.237,.246,.254,.500,35,15,1,1,4,1,0,1
437,Jose Martinez\martijo08,27,STL,12,18,16,4,7,1,0,0,1,0,0,2,1,.438,.500,.500,1.000,171,8,0,0,0,0,0,/73
438,Jeff Mathis\mathije01,33,MIA,41,132,126,12,30,4,1,2,15,0,0,4,36,.238,.267,.333,.601,63,42,1,1,1,0,0,2
439,Brian Matusz*\matusbr01,29,CHC,1,0,0,0,0,0,0,0,0,0,0,0,0,,,,,,0,0,0,0,0,0,/1
440,Steven Matz\matzst01,25,NYM,24,45,36,0,5,1,1,0,2,0,0,4,11,.139,.220,.222,.442,20,8,2,0,4,1,0,1
441,Brandon Maurer\maurebr01,25,SDP,71,0,0,0,0,0,0,0,0,0,0,0,0,,,,,,0,0,0,0,0,0,1
442,Mike Mayers\mayermi01,24,STL,4,0,0,0,0,0,0,0,0,0,0,0,0,,,,,,0,0,0,0,0,0,/1
443,Vin Mazzaro\mazzavi01,29,SFG,2,1,1,0,0,0,0,0,0,0,0,0,1,.000,.000,.000,.000,-100,0,0,0,0,0,0,/1
444,Brandon McCarthy\mccarbr01,32,LAD,10,15,13,0,0,0,0,0,1,0,0,2,6,.000,.133,.000,.133,-59,0,0,0,0,0,0,1
445,Andrew McCutchen\mccutan01,29,PIT,153,675,598,81,153,26,3,24,79,6,7,69,143,.256,.336,.430,.766,102,257,15,5,0,3,7,*8
446,Jake McGee*\mcgeeja01,29,COL,57,0,0,0,0,0,0,0,0,0,0,0,0,,,,,,0,0,0,0,0,0,1
447,Dustin McGowan\mcgowdu01,34,MIA,55,4,4,0,0,0,0,0,0,0,0,0,3,.000,.000,.000,.000,-100,0,0,0,0,0,0,1
448,Michael McKenry\mckenmi01,31,STL,3,2,1,0,0,0,0,0,0,0,0,0,1,.000,.000,.000,.000,-100,0,0,0,1,0,0,
449,Mark Melancon\melanma01,31,TOT,75,0,0,0,0,0,0,0,0,0,0,0,0,,,,,,0,0,0,0,0,0,1
450,Mark Melancon\melanma01,31,PIT,45,0,0,0,0,0,0,0,0,0,0,0,0,,,,,,0,0,0,0,0,0,1
451,Mark Melancon\melanma01,31,WSN,30,0,0,0,0,0,0,0,0,0,0,0,0,,,,,,0,0,0,0,0,0,1
452,Tim Melville\melviti01,26,CIN,3,2,2,0,0,0,0,0,0,0,0,0,2,.000,.000,.000,.000,-100,0,0,0,0,0,0,/1
453,Jordy Mercer\mercejo03,29,PIT,149,584,519,66,133,22,3,11,59,1,1,51,83,.256,.328,.374,.701,86,194,11,5,7,2,8,*6
454,Devin Mesoraco\mesorde01,28,CIN,16,55,50,2,7,1,0,0,1,0,1,5,10,.140,.218,.160,.378,3,8,3,0,0,0,0,2
455,Will Middlebrooks\middlwi01,27,MIL,10,31,27,2,3,0,0,0,1,0,0,4,13,.111,.226,.111,.337,-5,3,0,0,0,0,0,/5
456,Justin Miller\milleju02,29,COL,40,1,1,0,0,0,0,0,0,0,0,0,1,.000,.000,.000,.000,-100,0,0,0,0,0,0,1
457,Shelby Miller\millesh01,25,ARI,21,34,32,4,4,1,1,0,0,0,0,0,21,.125,.125,.219,.344,-13,7,0,0,2,0,0,1/7
458,Yadier Molina\molinya01,33,STL,147,581,534,56,164,38,1,8,58,3,2,39,63,.307,.360,.427,.787,111,228,22,6,0,2,1,*2/3
459,Miguel Montero*\montemi01,32,CHC,86,284,241,33,52,8,1,8,33,1,0,38,58,.216,.327,.357,.684,85,86,8,3,0,2,5,2/D1
460,Rafael Montero\montera01,25,NYM,9,5,5,0,0,0,0,0,0,0,0,0,3,.000,.000,.000,.000,-100,0,0,0,0,0,0,/1
461,Mike Montgomery*\montgmi01,26,CHC,17,11,11,2,1,0,0,0,1,0,0,0,5,.091,.091,.091,.182,-50,1,0,0,0,0,0,1
462,Matt Moore*\moorema02,27,SFG,12,28,24,2,1,0,0,0,0,0,0,0,11,.042,.042,.042,.083,-77,1,0,0,4,0,0,1
463,Adam Morgan*\morgaad01,26,PHI,23,36,32,1,3,1,0,0,1,0,0,1,11,.094,.121,.125,.246,-33,4,0,0,3,0,0,1
464,Max Moroff#\morofma01,23,PIT,2,2,2,0,0,0,0,0,0,0,0,0,2,.000,.000,.000,.000,-100,0,0,0,0,0,0,
465,A.J. Morris\morriaj01,29,CIN,7,1,1,0,0,0,0,0,0,0,0,0,1,.000,.000,.000,.000,-100,0,0,0,0,0,0,/1
466,Bryan Morris*\morribr01,29,MIA,24,1,1,0,0,0,0,0,0,0,0,0,1,.000,.000,.000,.000,-100,0,0,0,0,0,0,1
467,Brandon Morrow\morrobr01,31,SDP,18,0,0,0,0,0,0,0,0,0,0,0,0,,,,,,0,0,0,0,0,0,1
468,Mike Morse\morsemi01,34,PIT,6,8,8,0,0,0,0,0,0,0,0,0,2,.000,.000,.000,.000,-100,0,0,0,0,0,0,/3D
469,Charlie Morton\mortoch02,32,PHI,4,7,6,1,1,0,0,0,0,0,0,0,3,.167,.167,.167,.333,-10,1,1,0,1,0,0,/1
470,Jon Moscot\moscojo01,24,CIN,5,7,4,0,0,0,0,0,0,0,0,0,3,.000,.200,.000,.200,-40,0,0,1,2,0,0,/1
471,Brandon Moss*\mossbr01,32,STL,128,464,413,66,93,19,2,28,67,1,0,39,141,.225,.300,.484,.784,106,200,8,7,0,5,3,379
472,Jason Motte\motteja01,34,COL,30,0,0,0,0,0,0,0,0,0,0,0,0,,,,,,0,0,0,0,0,0,1
473,Daniel Murphy*\murphda08,31,WSN,142,582,531,88,184,47,5,25,104,5,3,35,57,.347,.390,.595,.985,157,316,4,8,0,8,10,*43/5D
474,Tom Murphy\murphto04,25,COL,21,49,44,8,12,2,0,5,13,1,0,4,19,.273,.347,.659,1.006,144,29,2,1,0,0,0,2
475,Colton Murray\murraco02,26,PHI,24,1,1,0,0,0,0,0,0,0,0,0,1,.000,.000,.000,.000,-100,0,0,0,0,0,0,1
476,Wil Myers\myerswi01,25,SDP,157,676,599,99,155,29,4,28,94,28,6,68,160,.259,.336,.461,.797,113,276,12,4,0,5,1,*3/975
477,Chris Narveson*\narvech01,34,MIA,6,3,3,0,0,0,0,0,0,0,0,0,2,.000,.000,.000,.000,-100,0,0,0,0,0,0,/1
478,Joe Nathan\nathajo01,41,TOT,10,0,0,0,0,0,0,0,0,0,0,0,0,,,,,,0,0,0,0,0,0,1
479,Joe Nathan\nathajo01,41,CHC,3,0,0,0,0,0,0,0,0,0,0,0,0,,,,,,0,0,0,0,0,0,/1
480,Joe Nathan\nathajo01,41,SFG,7,0,0,0,0,0,0,0,0,0,0,0,0,,,,,,0,0,0,0,0,0,/1
481,Jimmy Nelson\nelsoji02,27,MIL,32,59,50,1,4,0,0,0,3,0,0,2,32,.080,.115,.080,.195,-46,4,0,0,7,0,0,1
482,Hector Neris\nerishe01,27,PHI,79,0,0,0,0,0,0,0,0,0,0,0,0,,,,,,0,0,0,0,0,0,1
483,Juan Nicasio\nicasju01,29,PIT,52,20,19,1,3,0,0,0,1,0,0,0,7,.158,.158,.158,.316,-15,3,0,0,1,0,0,1
484,Justin Nicolino*\nicolju01,24,MIA,18,24,22,0,2,0,0,0,0,0,0,1,11,.091,.130,.091,.221,-38,2,1,0,1,0,0,1
485,Jon Niese*\niesejo01,29,TOT,30,34,30,1,3,1,0,0,1,0,0,2,14,.100,.156,.133,.290,-22,4,1,0,2,0,0,1
486,Jon Niese*\niesejo01,29,PIT,24,33,30,1,3,1,0,0,1,0,0,2,14,.100,.156,.133,.290,-22,4,1,0,1,0,0,1
487,Jon Niese*\niesejo01,29,NYM,6,1,0,0,0,0,0,0,0,0,0,0,0,,,,,,0,0,0,1,0,0,/1
488,Kirk Nieuwenhuis*\nieuwki01,28,MIL,125,392,335,38,70,18,1,13,44,8,9,56,133,.209,.324,.385,.709,89,129,5,1,0,0,1,*89/7
489,Brandon Nimmo*\nimmobr01,23,NYM,32,80,73,12,20,1,0,1,6,0,0,6,20,.274,.338,.329,.666,81,24,0,1,0,0,0,7/98
490,Aaron Nola\nolaaa01,23,PHI,20,35,30,1,1,1,0,0,0,0,0,3,17,.033,.147,.067,.214,-39,2,1,1,1,0,0,1
491,Nick Noonan*\noonani01,27,SDP,7,20,18,0,3,0,0,0,1,0,1,1,5,.167,.200,.167,.367,1,3,0,0,0,1,0,/64
492,Bud Norris\norribu01,31,TOT,35,38,27,2,6,0,1,0,1,0,0,3,7,.222,.323,.296,.619,70,8,0,1,7,0,0,1
493,Bud Norris\norribu01,31,ATL,22,22,12,1,2,0,1,0,0,0,0,3,5,.167,.375,.333,.708,94,4,0,1,6,0,0,1
494,Bud Norris\norribu01,31,LAD,13,16,15,1,4,0,0,0,1,0,0,0,2,.267,.267,.267,.533,47,4,0,0,1,0,0,1
495,Derek Norris\norride01,27,SDP,125,458,415,50,77,17,0,14,42,9,2,36,139,.186,.255,.328,.583,56,136,9,4,0,3,5,*2/3
496,Ivan Nova\novaiv01,29,PIT,11,24,22,1,3,0,0,0,0,0,0,0,15,.136,.136,.136,.273,-27,3,0,0,2,0,0,1
497,Eduardo Nunez\nunezed02,29,SFG,50,199,182,24,49,9,3,4,20,13,4,14,30,.269,.327,.418,.744,100,76,2,2,0,1,3,5/64
498,Peter O'Brien\obriepe01,25,ARI,28,67,64,6,9,1,0,5,9,0,0,3,27,.141,.179,.391,.570,42,25,2,0,0,0,2,7/3
499,Eric O'Flaherty*\oflaher01,31,ATL,39,0,0,0,0,0,0,0,0,0,0,0,0,,,,,,0,0,0,0,0,0,1
500,Scott Oberg\obergsc01,26,COL,24,0,0,0,0,0,0,0,0,0,0,0,0,,,,,,0,0,0,0,0,0,1
501,Brett Oberholtzer*\oberhbr01,26,PHI,26,7,7,0,1,0,0,0,0,0,0,0,2,.143,.143,.143,.286,-22,1,0,0,0,0,0,1
502,Alexi Ogando\ogandal01,32,ATL,36,0,0,0,0,0,0,0,0,0,0,0,0,,,,,,0,0,0,0,0,0,1
503,Nefi Ogando\ogandne01,27,MIA,14,0,0,0,0,0,0,0,0,0,0,0,0,,,,,,0,0,0,0,0,0,1
504,Seung-hwan Oh\ohse01,33,STL,76,2,2,0,0,0,0,0,0,0,0,0,2,.000,.000,.000,.000,-100,0,0,0,0,0,0,1
505,Ross Ohlendorf\ohlenro01,33,CIN,64,0,0,0,0,0,0,0,0,0,0,0,0,,,,,,0,0,0,0,0,0,1
506,Steven Okert*\okertst01,24,SFG,16,1,1,0,0,0,0,0,0,0,0,0,1,.000,.000,.000,.000,-100,0,0,0,0,0,0,1
507,Hector Olivera\olivehe01,31,ATL,6,21,19,2,4,1,0,0,2,0,0,1,5,.211,.238,.263,.501,35,5,1,0,0,1,0,/7
508,Josh Osich*\osichjo01,27,SFG,59,0,0,0,0,0,0,0,0,0,0,0,0,,,,,,0,0,0,0,0,0,1
509,Adam Ottavino#\ottavad01,30,COL,34,0,0,0,0,0,0,0,0,0,0,0,0,,,,,,0,0,0,0,0,0,1
510,Chris Owings\owingch01,24,ARI,119,466,437,52,121,24,11,5,49,21,2,20,87,.277,.315,.416,.731,88,182,8,5,2,2,4,68/4
511,Marcell Ozuna\ozunama01,25,MIA,148,608,557,75,148,23,6,23,76,0,3,43,115,.266,.321,.452,.773,109,252,11,4,0,4,2,*87/9
512,Jordan Pacheco\pachejo01,30,CIN,31,51,51,1,8,4,0,0,0,0,0,0,14,.157,.157,.235,.392,2,12,1,0,0,0,0,/534D
513,Angel Pagan#\paganan01,34,SFG,129,543,495,71,137,24,5,12,55,15,4,42,66,.277,.331,.418,.750,101,207,11,0,0,3,1,*7/8
514,Joe Panik*\panikjo01,25,SFG,127,526,464,67,111,21,7,10,62,5,0,50,47,.239,.315,.379,.695,87,176,14,4,3,5,5,*4
515,Jonathan Papelbon\papeljo01,35,WSN,37,0,0,0,0,0,0,0,0,0,0,0,0,,,,,,0,0,0,0,0,0,1
516,Jimmy Paredes#\paredji01,27,PHI,76,150,143,13,31,7,0,4,17,0,1,5,44,.217,.242,.350,.591,57,50,0,0,1,1,0,79/4
517,Jarrett Parker*\parkeja03,27,SFG,63,151,127,22,30,3,1,5,14,0,1,19,44,.236,.358,.394,.751,103,50,3,5,0,0,1,97/D8
518,Gerardo Parra*\parrage01,29,COL,102,381,368,45,93,27,3,7,39,6,4,9,73,.253,.271,.399,.671,65,147,16,1,1,2,1,7398
519,Curtis Partch\partccu01,29,PIT,2,0,0,0,0,0,0,0,0,0,0,0,0,,,,,,0,0,0,0,0,0,/1
520,Jordan Patterson*\pattejo03,24,COL,10,19,18,1,8,1,0,0,2,0,1,1,1,.444,.474,.500,.974,145,9,0,0,0,0,0,/937
521,Spencer Patton\pattosp01,28,CHC,16,2,2,0,0,0,0,0,0,0,0,0,1,.000,.000,.000,.000,-100,0,0,0,0,0,0,1/7
522,Ben Paulsen*\paulsbe01,28,COL,39,97,92,8,20,5,0,1,11,0,0,5,27,.217,.258,.304,.562,41,28,2,0,0,0,1,3/7
523,Jake Peavy\peavyja01,35,SFG,31,31,27,2,5,0,0,0,3,0,0,2,12,.185,.241,.185,.427,18,5,0,0,2,0,0,1
524,Joc Pederson*\pederjo01,24,LAD,137,476,406,64,100,26,0,25,68,6,2,63,130,.246,.352,.495,.847,129,201,5,4,1,2,4,*8
525,Ariel Pena\penaar01,27,MIL,1,0,0,0,0,0,0,0,0,0,0,0,0,,,,,,0,0,0,0,0,0,/1
526,Brayan Pena#\penabr01,34,STL,9,14,13,0,2,1,0,0,0,0,0,1,2,.154,.214,.231,.445,20,3,0,0,0,0,0,/23
527,Felix Pena\penafe01,26,CHC,11,0,0,0,0,0,0,0,0,0,0,0,0,,,,,,0,0,0,0,0,0,1
528,Ramiro Pena#\penara02,30,SFG,30,91,87,9,26,6,1,1,10,0,0,2,16,.299,.330,.425,.755,102,37,0,2,0,0,1,45/6
529,Hunter Pence\pencehu01,33,SFG,106,442,395,58,114,23,1,13,57,1,1,43,95,.289,.357,.451,.808,117,178,10,1,0,3,1,9
530,David Peralta*\peralda01,28,ARI,48,183,171,23,43,9,5,4,15,2,0,8,42,.251,.295,.433,.728,86,74,3,3,0,1,1,9/8
531,Jhonny Peralta\peraljh01,34,STL,82,313,289,37,75,17,1,8,29,0,0,20,56,.260,.307,.408,.715,90,118,5,1,0,3,0,5/6D
532,Joel Peralta\peraljo01,40,CHC,5,1,1,0,0,0,0,0,0,0,0,0,1,.000,.000,.000,.000,-100,0,0,0,0,0,0,/1
533,Wandy Peralta*\peralwa01,24,CIN,10,0,0,0,0,0,0,0,0,0,0,0,0,,,,,,0,0,0,0,0,0,1
534,Wily Peralta\peralwi01,27,MIL,23,41,39,2,5,1,0,1,6,0,0,0,15,.128,.125,.231,.356,-8,9,2,0,1,1,0,1
535,Jose Peraza\perazjo01,22,CIN,72,256,241,25,78,8,2,3,25,21,10,7,33,.324,.352,.411,.762,102,99,3,5,0,3,0,684/7D
536,Luis Perdomo\perdolu02,23,SDP,36,43,38,1,5,1,0,0,1,0,0,1,15,.132,.175,.158,.333,-9,6,0,1,3,0,0,1
537,Hernan Perez\perezhe01,25,MIL,123,430,404,50,110,18,3,13,56,34,7,18,94,.272,.302,.428,.730,92,173,6,1,3,4,0,594/8367
538,Oliver Perez*\perezol01,34,WSN,64,3,3,1,2,1,0,0,0,0,0,0,0,.667,.667,1.000,1.667,335,3,0,0,0,0,0,1
539,Williams Perez\perezwi01,25,ATL,11,19,17,0,0,0,0,0,0,0,0,0,5,.000,.000,.000,.000,-100,0,1,0,2,0,0,1
540,Yefri Perez#\perezye01,25,MIA,12,3,3,5,2,1,0,0,0,4,2,0,1,.667,.667,1.000,1.667,349,3,0,0,0,0,0,/64
541,Jace Peterson*\peterja01,26,ATL,115,408,350,45,89,16,1,7,29,5,5,52,69,.254,.350,.366,.715,94,128,9,1,2,3,2,47/58
542,Yusmeiro Petit\petityu01,31,WSN,36,7,6,0,1,0,0,0,0,0,0,0,2,.167,.167,.167,.333,-11,1,0,0,1,0,0,1
543,Tommy Pham\phamth01,28,STL,78,183,159,26,36,7,0,9,17,2,2,20,71,.226,.324,.440,.764,103,70,3,3,1,0,1,87/9
544,David Phelps\phelpda01,29,MIA,64,13,11,0,2,0,0,0,1,0,0,0,3,.182,.182,.182,.364,0,2,1,0,2,0,0,1
545,Brandon Phillips\phillbr01,35,CIN,141,584,550,74,160,34,1,11,64,14,8,18,68,.291,.320,.416,.736,94,229,17,8,2,6,3,*4/D
546,Zach Phillips*\phillza01,29,PIT,8,0,0,0,0,0,0,0,0,0,0,0,0,,,,,,0,0,0,0,0,0,/1
547,A.J. Pierzynski*\pierza.01,39,ATL,81,259,247,15,54,15,0,2,23,1,0,6,29,.219,.243,.304,.547,46,75,13,3,0,3,1,2
548,Manny Pina\pinama01,29,MIL,33,81,71,4,18,4,0,2,12,0,1,10,15,.254,.346,.394,.740,97,28,2,0,0,0,0,2/D
549,Josmil Pinto\pintojo01,27,MIL,6,6,5,1,0,0,0,0,0,0,0,1,4,.000,.167,.000,.167,-50,0,0,0,0,0,0,
550,Jose Pirela\pireljo01,26,SDP,15,41,39,2,6,2,0,0,0,0,1,1,9,.154,.175,.205,.380,3,8,0,0,1,0,0,4/9
551,Stephen Piscotty\piscost01,25,STL,153,649,582,86,159,35,3,22,85,7,5,51,133,.273,.343,.457,.800,113,266,14,12,1,2,0,*98/3
552,Kevin Plawecki\plaweke01,25,NYM,48,151,132,6,26,6,0,1,11,0,0,17,33,.197,.298,.265,.563,54,35,1,2,0,0,2,2
553,Gregory Polanco*\polangr01,24,PIT,144,587,527,79,136,34,4,22,86,17,6,53,119,.258,.323,.463,.786,106,244,13,0,1,6,6,*97/8D
554,A.J. Pollock\polloaj01,28,ARI,12,46,41,9,10,0,0,2,4,4,0,5,8,.244,.326,.390,.716,85,16,1,0,0,0,0,8
555,Drew Pomeranz\pomerdr01,27,SDP,17,35,33,2,5,0,0,1,4,0,0,0,19,.152,.152,.242,.394,4,8,1,0,2,0,0,1
556,Buster Posey\poseybu01,29,SFG,146,614,539,82,155,33,2,14,80,6,1,64,68,.288,.362,.434,.796,114,234,18,3,0,8,7,*23/D
557,Martin Prado\pradoma01,32,MIA,153,658,600,70,183,37,3,8,75,2,2,49,69,.305,.359,.417,.775,112,250,24,4,0,5,4,*5/D
558,Alex Presley*\preslal01,30,MIL,47,129,116,12,23,2,0,3,11,0,2,11,25,.198,.271,.293,.564,51,34,2,1,0,1,1,97/8
559,Yasiel Puig\puigya01,25,LAD,104,368,334,45,88,14,2,11,45,5,2,24,74,.263,.323,.416,.740,101,139,10,7,0,3,0,9/78
560,Kevin Quackenbush\quackke01,27,SDP,60,0,0,0,0,0,0,0,0,0,0,0,0,,,,,,0,0,0,0,0,0,1
561,Chad Qualls\quallch01,37,COL,44,0,0,0,0,0,0,0,0,0,0,0,0,,,,,,0,0,0,0,0,0,1
562,Roman Quinn#\quinnro01,23,PHI,15,69,57,10,15,4,0,0,6,5,1,8,19,.263,.373,.333,.706,93,19,0,2,2,0,0,7/98
563,Ryan Raburn\raburry01,35,COL,113,256,223,30,49,10,2,9,30,0,0,28,80,.220,.309,.404,.712,77,90,6,2,0,3,0,7/D39
564,Alexei Ramirez\ramiral03,34,SDP,128,444,421,33,101,19,2,5,41,6,9,17,56,.240,.275,.330,.605,63,139,7,4,0,2,3,*6/9D
565,J.C. Ramirez\ramirjc01,27,CIN,27,0,0,0,0,0,0,0,0,0,0,0,0,,,,,,0,0,0,0,0,0,1
566,Jose Ramirez\ramirjo02,26,ATL,33,0,0,0,0,0,0,0,0,0,0,0,0,,,,,,0,0,0,0,0,0,1
567,Neil Ramirez\ramirne01,27,TOT,10,0,0,0,0,0,0,0,0,0,0,0,0,,,,,,0,0,0,0,0,0,1
568,Neil Ramirez\ramirne01,27,CHC,8,0,0,0,0,0,0,0,0,0,0,0,0,,,,,,0,0,0,0,0,0,/1
569,Neil Ramirez\ramirne01,27,MIL,2,0,0,0,0,0,0,0,0,0,0,0,0,,,,,,0,0,0,0,0,0,/1
570,A.J. Ramos\ramosaj01,29,MIA,67,0,0,0,0,0,0,0,0,0,0,0,0,,,,,,0,0,0,0,0,0,1
571,Edubray Ramos\ramosed02,23,PHI,42,1,0,0,0,0,0,0,0,0,0,1,0,,1.000,,,,0,0,0,0,0,0,1
572,Wilson Ramos\ramoswi01,28,WSN,131,523,482,58,148,25,0,22,80,0,0,35,79,.307,.354,.496,.850,123,239,17,2,0,4,2,*2
573,Josh Ravin\ravinjo01,28,LAD,10,0,0,0,0,0,0,0,0,0,0,0,0,,,,,,0,0,0,0,0,0,1
574,Robbie Ray*\rayro02,24,ARI,32,60,53,3,10,2,0,1,2,0,0,1,26,.189,.204,.283,.487,25,15,0,0,6,0,0,1
575,Colin Rea\reaco01,25,TOT,21,39,33,3,4,0,0,0,1,0,0,2,16,.121,.171,.121,.293,-19,4,0,0,4,0,0,1
576,Colin Rea\reaco01,25,SDP,20,38,33,3,4,0,0,0,1,0,0,2,16,.121,.171,.121,.293,-19,4,0,0,3,0,0,1
577,Colin Rea\reaco01,25,MIA,1,1,0,0,0,0,0,0,0,0,0,0,0,,,,,,0,0,0,1,0,0,/1
578,J.T. Realmuto\realmjt01,25,MIA,137,545,509,60,154,31,0,11,48,12,4,28,100,.303,.343,.428,.771,110,218,12,5,0,3,1,*2/D
579,Anthony Recker\reckean01,32,ATL,33,112,90,6,25,8,0,2,15,1,0,16,22,.278,.394,.433,.828,123,39,0,2,3,1,1,2
580,Josh Reddick*\reddijo01,29,LAD,47,167,155,20,40,6,0,2,9,3,3,11,22,.258,.307,.335,.643,76,52,1,0,0,0,0,9
581,Addison Reed*\reedad01,27,NYM,80,0,0,0,0,0,0,0,0,0,0,0,0,,,,,,0,0,0,0,0,0,1
582,Cody Reed*\reedco01,23,CIN,10,14,11,1,0,0,0,0,0,0,0,1,6,.000,.083,.000,.083,-75,0,0,0,2,0,0,1
583,Michael Reed\reedmi02,23,MIL,8,24,22,3,4,0,0,0,0,1,0,2,7,.182,.250,.182,.432,18,4,1,0,0,0,0,/87
584,Tony Renda\rendato01,25,CIN,32,67,60,4,11,2,0,0,3,0,0,5,11,.183,.246,.217,.463,25,13,4,0,2,0,0,/4795
585,Anthony Rendon\rendoan01,26,WSN,156,647,567,91,153,38,2,20,85,12,6,65,117,.270,.348,.450,.797,110,255,5,7,0,8,2,*5
586,Hunter Renfroe\renfrhu01,24,SDP,11,36,35,8,13,3,0,4,14,0,0,1,5,.371,.389,.800,1.189,210,28,1,0,0,0,1,/9
587,Ben Revere*\reverbe01,28,WSN,103,375,350,44,76,9,7,2,24,14,5,18,34,.217,.260,.300,.560,49,105,12,3,2,2,0,87
588,Alex Reyes\reyesal02,21,STL,12,15,14,0,1,0,0,0,1,0,0,0,5,.071,.071,.071,.143,-61,1,1,0,1,0,0,1
589,Jo-Jo Reyes*\reyesjo03,31,MIA,1,0,0,0,0,0,0,0,0,0,0,0,0,,,,,,0,0,0,0,0,0,/1
590,Jose Reyes#\reyesjo01,33,NYM,60,279,255,45,68,13,4,8,24,9,2,23,49,.267,.326,.443,.769,105,113,3,0,0,1,1,56
591,Mark Reynolds\reynoma01,32,COL,118,441,393,61,111,24,0,14,53,1,2,42,112,.282,.356,.450,.806,101,177,6,4,0,2,1,*3/4
592,Matt Reynolds*\reynoma02,31,SFG,8,0,0,0,0,0,0,0,0,0,0,0,0,,,,,,0,0,0,0,0,0,/1
593,Matt Reynolds\reynoma03,25,NYM,47,96,89,11,20,8,0,3,13,0,1,4,34,.225,.266,.416,.682,80,37,2,1,2,0,0,6/547
594,Clayton Richard*\richacl01,32,TOT,37,21,17,0,1,0,0,0,1,0,0,1,9,.059,.111,.059,.170,-52,1,0,0,3,0,0,1
595,Clayton Richard*\richacl01,32,CHC,26,1,1,0,0,0,0,0,0,0,0,0,0,.000,.000,.000,.000,-100,0,0,0,0,0,0,1
596,Clayton Richard*\richacl01,32,SDP,11,20,16,0,1,0,0,0,1,0,0,1,9,.063,.118,.063,.180,-49,1,0,0,3,0,0,1
597,Rene Rivera\riverre01,32,NYM,65,207,185,12,41,4,0,6,26,0,0,16,54,.222,.291,.341,.632,70,63,4,3,1,2,3,2/3D
598,T.J. Rivera\rivertj01,27,NYM,33,113,105,10,35,4,1,3,16,0,0,3,17,.333,.345,.476,.821,118,50,2,1,0,4,0,4/53
599,Yadiel Rivera\riverya01,24,MIL,35,71,66,12,14,4,0,0,3,0,0,2,20,.212,.235,.273,.508,35,18,4,0,3,0,0,54/6
600,Felipe Rivero*\riverfe01,24,TOT,75,1,1,0,0,0,0,0,0,0,0,0,1,.000,.000,.000,.000,-100,0,0,0,0,0,0,1
601,Felipe Rivero*\riverfe01,24,WSN,47,1,1,0,0,0,0,0,0,0,0,0,1,.000,.000,.000,.000,-100,0,0,0,0,0,0,1
602,Felipe Rivero*\riverfe01,24,PIT,28,0,0,0,0,0,0,0,0,0,0,0,0,,,,,,0,0,0,0,0,0,1
603,Anthony Rizzo*\rizzoan01,26,CHC,155,676,583,94,170,43,4,32,109,3,5,74,108,.292,.385,.544,.928,147,317,13,16,0,3,8,*3/4
604,Tanner Roark\roarkta01,29,WSN,34,75,64,1,8,1,0,0,3,0,0,5,25,.125,.188,.141,.329,-10,9,0,0,6,0,0,1
605,Clint Robinson*\robincl01,31,WSN,104,224,196,16,46,4,0,5,26,0,0,20,38,.235,.305,.332,.637,70,65,4,2,1,5,0,3/7D
606,Hansel Robles\robleha01,25,NYM,68,3,3,0,0,0,0,0,0,0,0,0,2,.000,.000,.000,.000,-100,0,1,0,0,0,0,1
607,Fernando Rodney\rodnefe01,39,TOT,67,0,0,0,0,0,0,0,0,0,0,0,0,,,,,,0,0,0,0,0,0,1
608,Fernando Rodney\rodnefe01,39,SDP,28,0,0,0,0,0,0,0,0,0,0,0,0,,,,,,0,0,0,0,0,0,1
609,Fernando Rodney\rodnefe01,39,MIA,39,0,0,0,0,0,0,0,0,0,0,0,0,,,,,,0,0,0,0,0,0,1
610,Joely Rodriguez*\rodrijo06,24,PHI,12,0,0,0,0,0,0,0,0,0,0,0,0,,,,,,0,0,0,0,0,0,1
611,Sean Rodriguez\rodrise01,31,PIT,140,342,300,49,81,16,1,18,56,2,1,33,102,.270,.349,.510,.859,125,153,6,5,1,3,2,346957/8
612,Chaz Roe\roech01,29,ATL,21,0,0,0,0,0,0,0,0,0,0,0,0,,,,,,0,0,0,0,0,0,1
613,Jason Rogers\rogerja02,28,PIT,23,33,25,2,2,0,1,0,2,0,0,7,9,.080,.303,.160,.463,29,4,1,1,0,0,0,/35
614,Miguel Rojas\rojasmi02,27,MIA,123,214,194,27,48,12,0,1,14,2,1,11,27,.247,.288,.325,.613,68,63,10,1,6,2,2,4365
615,Sergio Romo\romose01,33,SFG,40,0,0,0,0,0,0,0,0,0,0,0,0,,,,,,0,0,0,0,0,0,1
616,Hector Rondon\rondohe01,28,CHC,54,1,1,0,0,0,0,0,0,0,0,0,1,.000,.000,.000,.000,-100,0,0,0,0,0,0,1
617,Jorge Rondon\rondojo01,28,PIT,2,0,0,0,0,0,0,0,0,0,0,0,0,,,,,,0,0,0,0,0,0,/1
618,Jose Rondon\rondojo02,22,SDP,8,26,25,1,3,0,0,0,1,0,0,1,4,.120,.154,.120,.274,-24,3,1,0,0,0,0,/6
619,Adam Rosales\rosalad01,33,SDP,105,248,214,37,49,12,3,13,35,4,0,29,88,.229,.319,.495,.814,116,106,2,1,0,4,2,546/73D9
620,Alberto Rosario\rosaral01,29,STL,20,41,38,3,7,2,0,0,2,0,0,2,5,.184,.225,.237,.462,25,9,2,0,1,0,0,2/5
621,Trevor Rosenthal\rosentr01,26,STL,45,1,1,0,0,0,0,0,0,0,0,0,1,.000,.000,.000,.000,-100,0,0,0,0,0,0,1
622,David Ross\rossda01,39,CHC,67,205,166,24,38,6,0,10,32,0,1,30,54,.229,.338,.446,.784,110,74,3,0,4,5,6,2
623,Joe Ross\rossjo01,23,WSN,23,44,41,2,10,2,0,0,1,0,0,3,15,.244,.295,.293,.588,58,12,1,0,0,0,0,1
624,Tyson Ross\rossty01,29,SDP,1,1,1,0,0,0,0,0,0,0,0,0,1,.000,.000,.000,.000,-100,0,0,0,0,0,0,/1
625,Ben Rowen\rowenbe01,27,MIL,4,0,0,0,0,0,0,0,0,0,0,0,0,,,,,,0,0,0,0,0,0,/1
626,Darin Ruf\rufda01,29,PHI,43,89,83,8,17,2,0,3,9,0,1,4,25,.205,.236,.337,.573,52,28,5,0,0,2,0,37
627,Justin Ruggiano\ruggiju01,34,NYM,8,22,20,4,7,0,0,2,6,0,1,2,9,.350,.409,.650,1.059,179,13,1,0,0,0,0,/89
628,Carlos Ruiz\ruizca01,37,TOT,62,233,201,21,53,8,0,3,15,3,1,27,33,.264,.365,.348,.713,95,70,4,5,0,0,1,2/D
629,Carlos Ruiz\ruizca01,37,PHI,48,193,165,18,43,6,0,3,12,3,1,24,28,.261,.368,.352,.719,96,58,3,4,0,0,1,2/D
630,Carlos Ruiz\ruizca01,37,LAD,14,40,36,3,10,2,0,0,3,0,0,3,5,.278,.350,.333,.683,89,12,1,1,0,0,0,/2
631,Rio Ruiz*\ruizri01,22,ATL,5,7,7,1,2,0,1,0,2,1,0,0,2,.286,.286,.571,.857,123,4,0,0,0,0,0,/5
632,Cameron Rupp\ruppca01,27,PHI,105,419,389,36,98,26,1,16,54,1,0,24,114,.252,.303,.447,.750,99,174,11,5,0,1,0,2
633,Chris Rusin*\rusinch01,29,COL,29,30,29,2,5,0,1,0,3,0,0,0,6,.172,.172,.241,.414,2,7,0,0,1,0,0,1
634,Addison Russell\russead02,22,CHC,151,598,525,67,125,25,3,21,95,5,1,55,135,.238,.321,.417,.738,98,219,11,12,0,6,6,*6
635,James Russell*\russeja02,30,PHI,7,0,0,0,0,0,0,0,0,0,0,0,0,,,,,,0,0,0,0,0,0,/1
636,Hyun-Jin Ryu\ryuhy01,29,LAD,1,1,1,0,0,0,0,0,0,0,0,0,0,.000,.000,.000,.000,-100,0,0,0,0,0,0,/1
637,Marc Rzepczynski*\rzepcma01,30,WSN,14,0,0,0,0,0,0,0,0,0,0,0,0,,,,,,0,0,0,0,0,0,1
638,Fernando Salas\salasfe01,31,NYM,17,0,0,0,0,0,0,0,0,0,0,0,0,,,,,,0,0,0,0,0,0,1
639,Jeff Samardzija\samarje01,31,SFG,34,69,64,4,10,5,0,0,9,0,0,1,28,.156,.164,.234,.399,6,15,3,0,2,2,0,1
640,Keyvius Sampson\sampske01,25,CIN,18,7,7,0,0,0,0,0,0,0,0,0,6,.000,.000,.000,.000,-100,0,0,0,0,0,0,1
641,Hector Sanchez#\sanchhe01,26,SDP,26,46,42,3,12,1,0,3,7,0,0,3,8,.286,.348,.524,.872,131,22,0,1,0,0,0,2
642,Domingo Santana\santado01,23,MIL,77,281,246,34,63,14,0,11,32,2,3,32,91,.256,.345,.447,.792,110,110,7,2,0,1,0,9/78
643,Luis Sardinas#\sardilu01,23,SDP,34,120,108,13,31,6,1,2,13,3,1,11,23,.287,.353,.417,.770,107,45,0,0,1,0,3,6/4
644,Rob Scahill*\scahiro01,29,TOT,31,2,2,0,0,0,0,0,0,0,0,0,1,.000,.000,.000,.000,-100,0,0,0,0,0,0,1
645,Rob Scahill*\scahiro01,29,PIT,15,2,2,0,0,0,0,0,0,0,0,0,1,.000,.000,.000,.000,-100,0,0,0,0,0,0,1
646,Rob Scahill*\scahiro01,29,MIL,16,0,0,0,0,0,0,0,0,0,0,0,0,,,,,,0,0,0,0,0,0,1
647,Scott Schebler*\schebsc01,25,CIN,82,282,257,36,68,12,2,9,40,2,4,19,59,.265,.330,.432,.762,101,111,5,6,0,0,2,987
648,Max Scherzer\scherma01,31,WSN,34,85,70,4,13,1,0,0,12,0,0,2,30,.186,.208,.200,.408,10,14,1,0,13,0,0,1
649,Ryan Schimpf*\schimry01,28,SDP,89,330,276,48,60,17,5,20,51,1,1,42,105,.217,.336,.533,.869,130,147,3,9,0,3,3,45/7
650,A.J. Schugel\schugaj01,27,PIT,36,3,2,0,0,0,0,0,0,0,0,0,1,.000,.000,.000,.000,-100,0,0,0,1,0,0,1
651,Patrick Schuster\schuspa01,25,PHI,6,0,0,0,0,0,0,0,0,0,0,0,0,,,,,,0,0,0,0,0,0,/1
652,Kyle Schwarber*\schwaky01,23,CHC,2,5,4,0,0,0,0,0,0,0,0,1,2,.000,.200,.000,.200,-39,0,0,0,0,0,0,/7
653,Xavier Scruggs\scrugxa01,28,MIA,24,69,62,1,13,3,0,1,5,0,0,5,20,.210,.290,.306,.596,64,19,1,2,0,0,0,3/7
654,Corey Seager*\seageco01,22,LAD,157,687,627,105,193,40,5,26,72,3,3,54,133,.308,.365,.512,.877,137,321,12,4,0,2,5,*6
655,Rob Segedin\segedro01,27,LAD,40,83,73,9,17,2,1,2,12,0,0,6,22,.233,.301,.370,.671,83,27,1,2,0,2,0,/3795
656,Jean Segura\segurje01,26,ARI,153,694,637,102,203,41,7,20,64,33,10,39,101,.319,.368,.499,.867,122,318,6,12,4,2,1,*46
657,Steve Selsky\selskst01,26,CIN,24,54,51,9,16,2,0,2,7,1,0,2,22,.314,.340,.471,.810,113,24,1,0,1,0,0,9/78
658,Pedro Severino\severpe01,22,WSN,16,34,28,6,9,2,0,2,4,0,0,5,3,.321,.441,.607,1.048,175,17,0,1,0,0,0,2
659,James Shields\shielja02,34,SDP,11,19,17,1,3,0,0,0,0,0,0,0,11,.176,.176,.176,.353,-4,3,0,0,2,0,0,1
660,Braden Shipley\shiplbr01,24,ARI,14,27,26,2,3,1,0,0,2,1,0,0,10,.115,.115,.154,.269,-31,4,0,0,1,0,0,1
661,Kevin Siegrist*\siegrke01,26,STL,67,0,0,0,0,0,0,0,0,0,0,0,0,,,,,,0,0,0,0,0,0,1
662,Shae Simmons\simmosh01,25,ATL,7,0,0,0,0,0,0,0,0,0,0,0,0,,,,,,0,0,0,0,0,0,/1
663,Alfredo Simon\simonal01,35,CIN,15,19,14,0,1,0,0,0,1,0,0,1,7,.071,.188,.071,.259,-27,1,1,1,3,0,0,1
664,Jake Smith\smithja06,26,SDP,4,0,0,0,0,0,0,0,0,0,0,0,0,,,,,,0,0,0,0,0,0,/1
665,Joe Smith\smithjo05,32,CHC,16,0,0,0,0,0,0,0,0,0,0,0,0,,,,,,0,0,0,0,0,0,1
666,Josh Smith\smithjo07,28,CIN,33,11,11,0,2,1,0,0,0,0,0,0,4,.182,.182,.273,.455,19,3,0,0,0,0,0,1
667,Mallex Smith*\smithma05,23,ATL,72,215,189,28,45,7,4,3,22,16,8,20,48,.238,.316,.365,.681,83,69,3,2,3,1,0,87/9
668,Will Smith\smithwi04,26,TOT,53,0,0,0,0,0,0,0,0,0,0,0,0,,,,,,0,0,0,0,0,0,1
669,Will Smith\smithwi04,26,MIL,27,0,0,0,0,0,0,0,0,0,0,0,0,,,,,,0,0,0,0,0,0,1
670,Will Smith\smithwi04,26,SFG,26,0,0,0,0,0,0,0,0,0,0,0,0,,,,,,0,0,0,0,0,0,1
671,Josh Smoker*\smokejo01,27,NYM,20,1,1,0,0,0,0,0,0,0,0,0,1,.000,.000,.000,.000,-100,0,0,0,0,0,0,1
672,Brandon Snyder\snydebr03,29,ATL,37,47,46,8,11,5,1,4,9,0,0,1,16,.239,.255,.652,.907,133,30,1,0,0,0,0,/537
673,Miguel Socolovich\socolmi01,29,STL,15,0,0,0,0,0,0,0,0,0,0,0,0,,,,,,0,0,0,0,0,0,1
674,Yangervis Solarte#\solarya01,28,SDP,109,443,405,55,116,26,1,15,71,1,1,30,63,.286,.341,.467,.808,116,189,7,5,0,3,1,54/3
675,Jorge Soler\solerjo01,24,CHC,86,264,227,37,54,9,0,12,31,0,0,31,66,.238,.333,.436,.769,106,99,5,3,0,3,0,7/D9
676,Sammy Solis\solissa01,27,WSN,37,3,3,0,0,0,0,0,0,0,0,0,1,.000,.000,.000,.000,-100,0,0,0,0,0,0,1
677,Layne Somsen\somsela01,27,CIN,2,0,0,0,0,0,0,0,0,0,0,0,0,,,,,,0,0,0,0,0,0,/1
678,Denard Span*\spande01,32,SFG,143,637,572,70,152,23,5,11,53,12,7,53,79,.266,.331,.381,.712,92,218,8,4,6,2,2,*8
679,Cory Spangenberg*\spangco01,25,SDP,14,53,48,6,11,1,1,1,8,1,0,4,13,.229,.302,.354,.656,77,17,0,1,0,0,0,4
680,Jacob Stallings\stallja01,26,PIT,5,15,15,0,6,1,0,0,2,1,0,0,4,.400,.400,.467,.867,130,7,0,0,0,0,0,/2
681,Giancarlo Stanton\stantmi03,26,MIA,119,470,413,56,99,20,1,27,74,0,0,50,140,.240,.326,.489,.815,119,202,6,4,0,2,5,9/D
682,Robert Stephenson\stephro01,23,CIN,8,13,10,0,0,0,0,0,0,0,0,0,5,.000,.000,.000,.000,-100,0,1,0,3,0,0,/1
683,Brock Stewart*\stewabr01,24,LAD,7,10,10,0,1,0,0,0,0,0,0,0,7,.100,.100,.100,.200,-45,1,0,0,0,0,0,/1
684,Chris Stewart\stewach01,34,PIT,34,113,98,10,21,4,0,1,7,0,0,12,15,.214,.319,.286,.604,63,28,2,3,0,0,2,2/3
685,Trevor Story\storytr01,23,COL,97,415,372,67,101,21,4,27,72,8,5,35,130,.272,.341,.567,.909,122,211,5,5,2,1,2,6
686,Dan Straily\straida01,27,CIN,34,65,52,2,1,0,0,0,1,0,0,2,40,.019,.056,.019,.075,-79,1,0,0,11,0,0,1
687,Stephen Strasburg\strasst01,27,WSN,24,57,48,3,10,1,0,0,2,0,0,2,11,.208,.240,.229,.469,26,11,2,0,7,0,0,1
688,Chris Stratton\stratch01,25,SFG,7,1,1,0,0,0,0,0,0,0,0,0,0,.000,.000,.000,.000,-100,0,1,0,0,0,0,/1
689,Hunter Strickland\strichu01,27,SFG,72,0,0,0,0,0,0,0,0,0,0,0,0,,,,,,0,0,0,0,0,0,1
690,Ross Stripling\stripro01,26,LAD,22,27,24,2,2,0,0,0,1,0,0,2,12,.083,.154,.083,.237,-32,2,0,0,1,0,0,1
691,Pedro Strop\stroppe01,31,CHC,55,1,1,0,0,0,0,0,0,0,0,0,0,.000,.000,.000,.000,-100,0,0,0,0,0,0,1/7
692,Drew Stubbs\stubbdr01,31,ATL,20,42,38,6,9,0,0,1,3,4,0,4,20,.237,.310,.316,.625,69,12,1,0,0,0,0,8/7
693,Daniel Stumpf*\stumpda01,25,PHI,7,0,0,0,0,0,0,0,0,0,0,0,0,,,,,,0,0,0,0,0,0,/1
694,Albert Suarez\suareal01,26,SFG,22,24,21,1,4,2,0,0,2,0,0,0,11,.190,.190,.286,.476,26,6,0,0,3,0,0,1
695,Eugenio Suarez\suareeu01,24,CIN,159,627,565,78,140,25,2,21,70,11,5,51,155,.248,.317,.411,.728,92,232,10,8,0,3,0,*5/6D
696,Andrew Susac\susacan01,26,MIL,9,19,17,3,4,1,0,1,2,0,0,2,5,.235,.316,.471,.786,106,8,0,0,0,0,0,/2
697,Brent Suter*\suterbr01,26,MIL,14,2,2,0,0,0,0,0,0,0,0,0,1,.000,.000,.000,.000,-100,0,0,0,0,0,0,1
698,Ichiro Suzuki*\suzukic01,42,MIA,143,365,327,48,95,15,5,1,22,10,2,30,42,.291,.354,.376,.730,101,123,4,3,3,2,1,987/D
699,Dansby Swanson\swansda01,22,ATL,38,145,129,20,39,7,1,3,17,3,0,13,34,.302,.361,.442,.803,115,57,2,0,1,2,5,6
700,Noah Syndergaard*\syndeno01,23,NYM,31,67,58,6,11,3,0,3,6,0,0,7,34,.190,.277,.397,.673,79,23,1,0,2,0,0,1
701,Matt Szczur\szczuma01,26,CHC,107,200,185,30,48,9,1,5,24,2,4,13,39,.259,.312,.400,.712,91,74,2,1,1,0,2,789
702,Jameson Taillon\taillja01,24,PIT,18,36,32,0,3,0,0,0,2,0,0,0,17,.094,.094,.094,.188,-50,3,2,0,4,0,0,1
703,Raimel Tapia*\tapiara01,22,COL,22,41,38,4,10,0,0,0,3,3,0,2,11,.263,.293,.263,.556,42,10,0,0,0,1,0,/879
704,Chris Taylor\tayloch03,25,LAD,34,62,58,8,12,2,2,1,7,0,0,4,13,.207,.258,.362,.620,68,21,3,0,0,0,1,5/46
705,Michael Taylor\taylomi02,25,WSN,76,237,221,28,51,11,0,7,16,14,3,14,77,.231,.278,.376,.654,72,83,2,1,0,1,0,8/97
706,Julio Teheran\teherju01,25,ATL,31,61,49,1,10,1,0,0,2,0,0,1,16,.204,.220,.224,.444,20,11,1,0,11,0,0,1
707,Ruben Tejada\tejadru01,26,TOT,36,78,66,9,11,5,0,0,5,0,0,7,13,.167,.247,.242,.489,33,16,1,1,1,3,0,5/641
708,Ruben Tejada\tejadru01,26,STL,23,40,34,6,6,2,0,0,3,0,0,2,8,.176,.225,.235,.460,25,8,1,1,0,3,0,5/641
709,Ruben Tejada\tejadru01,26,SFG,13,38,32,3,5,3,0,0,2,0,0,5,5,.156,.270,.250,.520,42,8,0,0,1,0,0,5/4
710,Tomas Telis#\telisto01,25,MIA,10,13,13,1,4,0,0,1,4,0,0,0,2,.308,.308,.538,.846,126,7,0,0,0,0,0,/2
711,Nick Tepesch\tepesni01,27,LAD,1,1,1,0,0,0,0,0,0,0,0,0,1,.000,.000,.000,.000,-100,0,0,0,0,0,0,/1
712,Jake Thompson\thompja03,22,PHI,10,17,14,0,2,1,0,0,0,0,0,0,5,.143,.143,.214,.357,-6,3,1,0,3,0,0,1
713,Trayce Thompson\thomptr01,25,LAD,80,262,236,31,53,11,0,13,32,5,1,26,66,.225,.302,.436,.738,99,103,3,0,0,0,0,897
714,Tyler Thornburg\thornty01,27,MIL,67,0,0,0,0,0,0,0,0,0,0,0,0,,,,,,0,0,0,0,0,0,1
715,Matt Thornton*\thornma01,39,SDP,18,0,0,0,0,0,0,0,0,0,0,0,0,,,,,,0,0,0,0,0,0,1
716,Andrew Toles*\tolesan01,24,LAD,48,115,105,19,33,9,1,3,16,1,1,8,25,.314,.365,.505,.870,135,53,1,1,0,1,2,7/89
717,Yasmany Tomas\tomasya01,25,ARI,140,563,530,72,144,30,1,31,83,2,4,31,136,.272,.313,.508,.820,108,269,18,1,0,1,4,*97/3
718,Kelby Tomlinson\tomlike01,26,SFG,52,120,106,13,31,4,0,0,6,5,1,12,18,.292,.370,.330,.700,92,35,1,1,1,0,1,4/657
719,Carlos Torres\torreca01,33,MIL,72,0,0,0,0,0,0,0,0,0,0,0,0,,,,,,0,0,0,0,0,0,1
720,Jose Torres*\torrejo02,22,SDP,4,0,0,0,0,0,0,0,0,0,0,0,0,,,,,,0,0,0,0,0,0,/1
721,Blake Treinen\treinbl01,28,WSN,73,0,0,0,0,0,0,0,0,0,0,0,0,,,,,,0,0,0,0,0,0,1
722,Chin-hui Tsao\tsaoch01,35,LAD,2,0,0,0,0,0,0,0,0,0,0,0,0,,,,,,0,0,0,0,0,0,/1
723,Matt Tuiasosopo\tuiasma01,30,ATL,3,3,3,0,0,0,0,0,0,0,0,0,1,.000,.000,.000,.000,-100,0,0,0,0,0,0,
724,Sam Tuivailala\tuivasa01,23,STL,12,0,0,0,0,0,0,0,0,0,0,0,0,,,,,,0,0,0,0,0,0,1
725,Justin Turner\turneju01,31,LAD,151,622,556,79,153,34,3,27,90,4,1,48,107,.275,.339,.493,.832,124,274,16,10,0,8,1,*5/D3
726,Trea Turner\turnetr01,23,WSN,73,324,307,53,105,14,8,13,40,33,6,14,59,.342,.370,.567,.937,144,174,1,1,0,2,0,84/6
727,Melvin Upton\uptonbj01,31,SDP,92,374,344,46,88,11,2,16,45,20,5,23,106,.256,.304,.439,.743,98,151,5,2,1,3,1,78/9
728,Jose Urena\urenajo01,24,MIA,29,22,17,1,3,0,0,0,0,0,0,1,11,.176,.222,.176,.399,12,3,0,0,4,0,0,1
729,Julio Urias*\uriasju01,19,LAD,18,26,22,0,3,0,0,0,2,0,0,0,9,.136,.136,.136,.273,-25,3,1,0,4,0,0,1
730,Chase Utley*\utleych01,37,LAD,138,565,512,79,129,26,3,14,52,2,2,40,115,.252,.319,.396,.716,95,203,0,11,1,1,1,*4/5
731,Pat Valaika\valaipa01,23,COL,13,19,19,3,5,1,0,1,2,0,0,0,8,.263,.263,.474,.737,79,9,0,0,0,0,0,/546
732,Scott Van Slyke\vanslsc01,29,LAD,52,113,102,10,23,6,0,1,7,1,2,5,24,.225,.292,.314,.606,66,32,3,5,0,1,1,79/38
733,Cesar Vargas\vargace01,24,SDP,7,9,8,0,0,0,0,0,0,0,0,0,5,.000,.000,.000,.000,-100,0,0,0,1,0,0,/1
734,Vince Velasquez\velasvi01,24,PHI,24,44,40,4,8,1,0,0,0,0,0,1,16,.200,.220,.225,.445,20,9,1,0,3,0,0,1
735,Will Venable*\venabwi01,33,LAD,12,19,18,2,1,1,0,0,0,0,0,0,5,.056,.105,.111,.216,-40,2,0,1,0,0,0,/97
736,Logan Verrett\verrelo01,26,NYM,35,22,19,1,1,1,0,0,0,0,0,0,12,.053,.053,.105,.158,-59,2,0,0,3,0,0,1
737,Carlos Villanueva\villaca01,32,SDP,51,5,4,0,0,0,0,0,0,0,0,0,4,.000,.000,.000,.000,-100,0,0,0,1,0,0,1
738,Jonathan Villar#\villajo01,25,MIL,156,679,589,92,168,38,3,19,63,62,18,79,174,.285,.369,.457,.826,119,269,7,2,5,4,4,654
739,Arodys Vizcaino\vizcaar01,25,ATL,43,0,0,0,0,0,0,0,0,0,0,0,0,,,,,,0,0,0,0,0,0,1
740,Ryan Vogelsong\vogelry01,38,PIT,24,23,19,1,1,0,0,0,1,0,0,1,13,.053,.143,.053,.195,-45,1,0,1,2,0,0,1
741,Joey Votto*\vottojo01,32,CIN,158,677,556,101,181,34,2,29,97,8,1,108,120,.326,.434,.550,.985,160,306,16,5,0,8,15,*3/D
742,Michael Wacha\wachami01,24,STL,27,45,39,1,1,0,0,0,0,0,0,3,22,.026,.095,.026,.121,-65,1,1,0,3,0,0,1
743,Tyler Wagner\wagnety01,25,ARI,3,2,2,0,0,0,0,0,0,0,0,0,1,.000,.000,.000,.000,-100,0,0,0,0,0,0,/1
744,Adam Wainwright\wainwad01,34,STL,34,69,62,6,13,7,1,2,18,0,0,2,17,.210,.234,.452,.686,79,28,1,0,5,0,0,1
745,Kyle Waldrop*\waldrky02,24,CIN,15,23,22,1,5,1,0,0,1,0,1,1,5,.227,.261,.273,.534,43,6,0,0,0,0,0,/79D
746,Neil Walker#\walkene01,30,NYM,113,458,412,57,116,9,1,23,55,3,1,42,84,.282,.347,.476,.823,119,196,11,1,0,3,3,*4
747,Brett Wallace*\wallabr01,29,SDP,119,256,217,19,41,10,0,6,20,0,0,29,83,.189,.309,.318,.627,70,69,2,9,0,1,3,53/D
748,Colin Walsh#\walshco02,26,MIL,38,63,47,4,4,1,0,0,2,0,0,15,22,.085,.317,.106,.424,21,5,1,1,0,0,0,5/74
749,Zach Walters#\walteza01,26,LAD,3,5,5,0,0,0,0,0,0,0,0,0,2,.000,.000,.000,.000,-100,0,0,0,0,0,0,/379
750,Adam Warren\warread01,28,CHC,29,4,3,0,0,0,0,0,0,0,0,0,3,.000,.000,.000,.000,-100,0,0,0,1,0,0,1
751,Tony Watson*\watsoto01,31,PIT,70,1,0,0,0,0,0,0,0,0,0,0,0,,,,,,0,0,0,1,0,0,1
752,Luke Weaver\weavelu01,22,STL,9,13,13,1,5,0,0,0,0,0,0,0,4,.385,.385,.385,.769,109,5,0,0,0,0,0,/1
753,Ryan Weber\weberry01,25,ATL,16,6,6,0,0,0,0,0,0,0,0,0,3,.000,.000,.000,.000,-100,0,0,0,0,0,0,1
754,Jemile Weeks#\weeksje01,29,SDP,17,57,50,5,7,1,1,0,2,1,0,3,14,.140,.204,.200,.404,10,10,1,1,3,0,0,4/5
755,Rickie Weeks\weeksri01,33,ARI,108,205,180,29,43,9,1,9,27,5,0,20,54,.239,.327,.450,.777,99,81,8,4,0,1,0,7/D9
756,Jayson Werth\werthja01,37,WSN,143,606,525,84,128,28,0,21,69,5,1,71,139,.244,.335,.417,.752,99,219,17,4,0,6,0,*7/D9
757,Robert Whalen\whalero01,22,ATL,6,11,10,0,2,0,0,0,0,0,0,0,3,.200,.200,.200,.400,9,2,0,0,1,0,0,/1
758,Andy Wilkins*\wilkian01,27,MIL,26,27,24,3,3,1,0,1,3,1,0,3,10,.125,.222,.292,.514,36,7,1,0,0,0,0,/39
759,Jerome Williams\willije01,34,STL,11,2,2,0,0,0,0,0,0,0,0,0,1,.000,.000,.000,.000,-100,0,0,0,0,0,0,1
760,Trevor Williams\willitr01,24,PIT,7,3,1,1,0,0,0,0,1,0,0,2,1,.000,.667,.000,.667,101,0,0,0,0,0,0,/1
761,Mac Williamson\willima11,25,SFG,54,127,112,14,25,3,0,6,15,0,1,13,35,.223,.315,.411,.726,94,46,4,2,0,0,0,97/D
762,Daniel Winkler\winklda01,26,ATL,3,0,0,0,0,0,0,0,0,0,0,0,0,,,,,,0,0,0,0,0,0,/1
763,Matt Wisler\wislema01,23,ATL,29,53,46,2,7,0,0,0,2,0,0,1,21,.152,.167,.152,.319,-13,7,2,0,5,1,0,1
764,Chris Withrow\withrch01,27,ATL,46,0,0,0,0,0,0,0,0,0,0,0,0,,,,,,0,0,0,0,0,0,1
765,Nick Wittgren\wittgni01,25,MIA,48,0,0,0,0,0,0,0,0,0,0,0,0,,,,,,0,0,0,0,0,0,1
766,Tony Wolters*\wolteto01,24,COL,71,230,205,27,53,15,2,3,30,4,1,21,53,.259,.327,.395,.723,81,81,1,0,4,0,2,2/46
767,Kolten Wong*\wongko01,25,STL,121,361,313,39,75,7,7,5,23,7,0,34,52,.240,.327,.355,.682,84,111,3,9,0,5,2,4/879
768,Alex Wood\woodal02,25,LAD,15,19,16,2,4,0,0,0,2,0,0,1,9,.250,.294,.250,.544,52,4,0,0,2,0,0,1
769,Blake Wood\woodbl01,30,CIN,70,2,2,0,0,0,0,0,0,0,0,0,2,.000,.000,.000,.000,-100,0,0,0,0,0,0,1
770,Travis Wood\woodtr01,29,CHC,81,12,11,0,2,0,0,0,1,0,0,1,5,.182,.250,.182,.432,20,2,0,0,0,0,0,1/7
771,Daniel Wright\wrighda04,25,CIN,4,6,5,0,0,0,0,0,0,0,0,0,2,.000,.000,.000,.000,-100,0,0,0,1,0,0,/1
772,David Wright\wrighda03,33,NYM,37,164,137,18,31,8,0,7,14,3,2,26,55,.226,.350,.438,.788,111,60,0,0,0,0,0,5
773,Christian Yelich*\yelicch01,24,MIA,155,659,578,78,172,38,3,21,98,9,4,72,138,.298,.376,.483,.859,133,279,20,4,0,5,4,*78/D
774,Gabriel Ynoa\ynoaga01,23,NYM,10,3,3,0,0,0,0,0,0,0,0,0,0,.000,.000,.000,.000,-100,0,0,0,0,0,0,1
775,Rafael Ynoa#\ynoara01,28,COL,3,5,5,0,0,0,0,0,0,0,0,0,2,.000,.000,.000,.000,-100,0,0,0,0,0,0,/7
776,Madison Younginer\youngma03,25,ATL,8,0,0,0,0,0,0,0,0,0,0,0,0,,,,,,0,0,0,0,0,0,/1
777,Rob Zastryzny\zastrro01,24,CHC,8,3,3,0,0,0,0,0,0,0,0,0,2,.000,.000,.000,.000,-100,0,0,0,0,0,0,/1
778,Brad Ziegler\zieglbr01,36,ARI,36,0,0,0,0,0,0,0,0,0,0,0,0,,,,,,0,0,0,0,0,0,1
779,Ryan Zimmerman\zimmery01,31,WSN,115,467,427,60,93,18,1,15,46,4,1,29,104,.218,.272,.370,.642,69,158,12,5,0,6,1,*3/D
780,Ben Zobrist#\zobribe01,35,CHC,147,631,523,94,142,31,3,18,76,6,4,96,82,.272,.386,.446,.831,124,233,17,4,4,4,6,*479/36
,LgAvg per 600 PA,,,234,600,536,70,136,27,3,17,67,9,4,50,129,.253,.321,.412,.733,,221,12,6,4,4,4,
